4.61056,0,54.085,14.005,49.9989,1,0.00583333,0,0.000277778,-42.9769,-5.99917,-54.9994,-0.000277778,-0.995
4.00167,0,54.9997,14.0014,49.9989,1,0.00583333,0,0.000277778,-42.9769,-5.99917,-54.9994,-0.000277778,-0.995
4.00167,0,54.9997,14.0014,49.9989,1,0.00333333,0.668611,0.000277778,-42.3139,-5.99917,-54.9994,-0.000277778,-0.995
4.00167,0,54.9997,14.0014,49.9989,1,0.00333333,0.668611,0.000277778,-42.3139,-5.99917,-54.1606,-0.000277778,-1.38139
4.00167,0,54.9997,14.0014,49.9989,1,0.00333333,0.668611,0.000277778,-42.3139,-5.99917,-54.1606,-0.000277778,-1.38139
3.29,0,54.9997,14.0014,49.9989,1,0.00333333,0.668611,0.000277778,-42.3139,-5.99917,-54.1606,-0.000277778,-1.38139
3.29,0,54.6194,13.9981,49.9989,1,0.00333333,0.668611,0.000277778,-42.3139,-5.99917,-54.1606,-0.000277778,-1.38139
3.29,0,54.6194,13.9981,49.9989,0.999444,-0.0111111,1.98222,0.000277778,-42.9961,-6.09583,-54.1606,-0.000277778,-1.38139
3.29,0,54.6194,13.9981,49.9989,0.999444,-0.0111111,1.98222,0.000277778,-42.9961,-6.09583,-55.0378,-0.000277778,-3.60889
3.29,0,54.6194,13.9981,49.9989,0.999444,-0.0111111,1.98222,0.000277778,-42.9961,-6.09583,-55.0378,-0.000277778,-3.60889
2.99833,0,54.6194,13.9981,49.9989,0.999444,-0.0111111,1.98222,0.000277778,-42.9961,-6.09583,-55.0378,-0.000277778,-3.60889
2.99833,0,51.3839,15.3503,50.5917,1.03694,-0.315,2.00222,0.000277778,-42.9961,-6.09583,-55.0378,-0.000277778,-3.60889
2.99833,0,51.3839,15.3503,50.5917,1.03694,-0.315,2.00222,0.000277778,-41.6456,-6.09583,-55.0378,-0.000277778,-3.60889
2.99833,0,51.3839,15.3503,50.5917,1.03694,-0.315,2.00222,0.000277778,-41.6456,-7.06333,-57.3172,-1.48056,-6.09
2.99833,0,51.3839,15.3503,50.5917,1.03694,-0.315,2.00222,0.000277778,-41.6456,-7.06333,-57.3172,-1.48056,-6.09
2.96639,0,48.6436,15.3503,50.5917,1.03694,-0.315,2.00222,0.000277778,-41.6456,-7.06333,-57.3172,-1.48056,-6.09
2.96639,0,48.6436,16.6319,51.9278,2.6025,-0.997222,3.35944,0.000277778,-41.6456,-7.06333,-57.3172,-1.48056,-6.09
2.96639,0,48.6436,16.6319,51.9278,2.6025,-0.997222,3.35944,0.000277778,-39.2444,-9.48333,-60.2281,-2.41861,-7.91639
2.96639,0,48.6436,16.6319,51.9278,2.6025,-0.997222,3.35944,0.000277778,-39.2444,-9.48333,-60.2281,-2.41861,-7.91639
2.96639,0,48.6436,16.6319,51.9278,2.6025,-0.997222,3.35944,0.000277778,-39.2444,-9.48333,-60.2281,-2.41861,-7.91639
1.40528,0,45.1367,19.5881,52.9111,2.6025,-0.997222,3.35944,0.000277778,-39.2444,-9.48333,-60.2281,-2.41861,-7.91639
1.40528,0,45.1367,19.5881,52.9111,4.25306,-1.3975,6.13111,0.000277778,-39.2444,-9.48333,-60.2281,-2.41861,-7.91639
1.40528,0,45.1367,19.5881,52.9111,4.25306,-1.3975,6.13111,0.000277778,-37.6539,-12.1158,-62.3692,-3.18722,-9.44556
1.40528,0,45.1367,19.5881,52.9111,4.25306,-1.3975,6.13111,0.000277778,-37.6539,-12.1158,-62.3692,-3.18722,-9.44556
1.40528,0,45.1367,19.5881,52.9111,4.25306,-1.3975,6.13111,0.000277778,-37.6539,-12.1158,-62.3692,-3.18722,-9.44556
-1.37222,0,40.4464,24.4133,55.7342,4.25306,-1.3975,6.13111,0.000277778,-37.6539,-12.1158,-62.3692,-3.18722,-9.44556
-1.37222,0,40.4464,24.4133,55.7342,5.01722,-2.00222,8.335,0,-37.1194,-16.4825,-62.3692,-3.18722,-9.44556
-1.37222,0,40.4464,24.4133,55.7342,5.01722,-2.00222,8.335,0,-37.1194,-16.4825,-64.4281,-3.99917,-10.0425
-1.37222,0,40.4464,24.4133,55.7342,5.01722,-2.00222,8.335,0,-37.1194,-16.4825,-64.4281,-3.99917,-10.0425
-4.51167,0,40.4464,24.4133,55.7342,5.01722,-2.00222,8.335,0,-37.1194,-16.4825,-64.4281,-3.99917,-10.0425
-4.51167,0,36.4356,30.0619,58.0331,5.01722,-2.00222,8.335,0,-37.1194,-16.4825,-64.4281,-3.99917,-10.0425
-4.51167,0,36.4356,30.0619,58.0331,5.99306,-2.9525,11.0519,0,-38.2403,-16.4825,-64.4281,-3.99917,-10.0425
-4.51167,0,36.4356,30.0619,58.0331,5.99306,-2.9525,11.0519,0,-38.2403,-20.4133,-65.0947,-4,-11.5731
-4.51167,0,36.4356,30.0619,58.0331,5.99306,-2.9525,11.0519,0,-38.2403,-20.4133,-65.0947,-4,-11.5731
-8.68139,0,36.4356,30.0619,58.0331,5.99306,-2.9525,11.0519,0,-38.2403,-20.4133,-65.0947,-4,-11.5731
-8.68139,0,31.9731,35.0864,60.0881,5.90972,-3.01083,14.6086,0,-38.2403,-20.4133,-65.0947,-4,-11.5731
-8.68139,0,31.9731,35.0864,60.0881,5.90972,-3.01083,14.6086,0,-37.6939,-24.9678,-65.0947,-4,-11.5731
-8.68139,0,31.9731,35.0864,60.0881,5.90972,-3.01083,14.6086,0,-37.6939,-24.9678,-66.4661,-4,-12.5094
-8.68139,0,31.9731,35.0864,60.0881,5.90972,-3.01083,14.6086,0,-37.6939,-24.9678,-66.4661,-4,-12.5094
-11.8797,0.993333,31.9731,35.0864,60.0881,5.90972,-3.01083,14.6086,0,-37.6939,-24.9678,-66.4661,-4,-12.5094
-11.8797,0.993333,29.0667,40.955,60.9961,5.99444,-2.60694,16.6358,0,-37.6939,-24.9678,-66.4661,-4,-12.5094
-11.8797,0.993333,29.0667,40.955,60.9961,5.99444,-2.60694,16.6358,0,-37.0256,-30.6172,-67.9764,-4,-14.075
-11.8797,0.993333,29.0667,40.955,60.9961,5.99444,-2.60694,16.6358,0,-37.0256,-30.6172,-67.9764,-4,-14.075
-11.8797,0.993333,29.0667,40.955,60.9961,5.99444,-2.60694,16.6358,0,-37.0256,-30.6172,-67.9764,-4,-14.075
-16.5578,0.993333,26.4064,45.9736,61.6714,5.99444,-2.60694,16.6358,0,-37.0256,-30.6172,-67.9764,-4,-14.075
-16.5578,0.993333,26.4064,45.9736,61.6714,5.99917,-2.00667,20.9403,0,-37.0256,-30.6172,-67.9764,-4,-14.075
-16.5578,0.993333,26.4064,45.9736,61.6714,5.99917,-2.00667,20.9403,-0.000555556,-38.7903,-35.6497,-68.9114,-3.99917,-14.9964
-16.5578,0.993333,26.4064,45.9736,61.6714,5.99917,-2.00667,20.9403,-0.000555556,-38.7903,-35.6497,-68.9114,-3.99917,-14.9964
-16.5578,0.993333,26.4064,45.9736,61.6714,5.99917,-2.00667,20.9403,-0.000555556,-38.7903,-35.6497,-68.9114,-3.99917,-14.9964
-20.92,0.005,25.9897,51.4497,63.7347,5.99917,-2.00667,20.9403,-0.000555556,-38.7903,-35.6497,-68.9114,-3.99917,-14.9964
-20.92,0.005,25.9897,51.4497,63.7347,6,-1.78722,24.2097,-0.000555556,-39.9433,-39.7875,-68.9114,-3.99917,-14.9964
-20.92,0.005,25.9897,51.4497,63.7347,6,-1.78722,24.2097,-0.000555556,-39.9433,-39.7875,-71.3136,-4.88611,-15.22
-20.92,0.005,25.9897,51.4497,63.7347,6,-1.78722,24.2097,-0.000555556,-39.9433,-39.7875,-71.3136,-4.88611,-15.22
-27.2444,-0.571389,25.9897,51.4497,63.7347,6,-1.78722,24.2097,-0.000555556,-39.9433,-39.7875,-71.3136,-4.88611,-15.22
-27.2444,-0.571389,24.3519,55.0325,63.9239,6,-1.78722,24.2097,-0.000555556,-39.9433,-39.7875,-71.3136,-4.88611,-15.22
-27.2444,-0.571389,24.3519,55.0325,63.9239,6.00278,-0.996111,27.5972,-0.000555556,-40.0025,-46.06,-71.3136,-4.88611,-15.22
-27.2444,-0.571389,24.3519,55.0325,63.9239,6.00278,-0.996111,27.5972,-0.000555556,-40.0025,-46.06,-72.0006,-4.15472,-16.0103
-27.2444,-0.571389,24.3519,55.0325,63.9239,6.00278,-0.996111,27.5972,-0.000555556,-40.0025,-46.06,-72.0006,-4.15472,-16.0103
-32.3853,-1.99583,24.3519,55.0325,63.9239,6.00278,-0.996111,27.5972,-0.000555556,-40.0025,-46.06,-72.0006,-4.15472,-16.0103
-32.3853,-1.99583,22.4,59.3564,63.0256,6.00194,-0.485556,30.0258,-0.000555556,-40.0025,-46.06,-72.0006,-4.15472,-16.0103
-32.3853,-1.99583,22.4,59.3564,63.0256,6.00194,-0.485556,30.0258,-0.000277778,-39.2958,-50.1036,-72.0011,-4.15472,-16.0103
-32.3853,-1.99583,22.4,59.3564,63.0256,6.00194,-0.485556,30.0258,-0.000277778,-39.2958,-50.1036,-72.0011,-3.53444,-16.0878
-32.3853,-1.99583,22.4,59.3564,63.0256,6.00194,-0.485556,30.0258,-0.000277778,-39.2958,-50.1036,-72.0011,-3.53444,-16.0878
-37.5844,-1.99583,22.4,59.3564,63.0256,6.00194,-0.485556,30.0258,-0.000277778,-39.2958,-50.1036,-72.0011,-3.53444,-16.0878
-37.5844,-2.36417,21.9961,62.2011,63.9806,5.99972,-0.0025,33.9597,0.00388889,-39.2958,-50.1036,-72.0011,-3.53444,-16.0878
-37.5844,-2.36417,21.9961,62.2011,63.9806,5.99972,-0.0025,33.9597,0.00388889,-38.0019,-54.2536,-72.6172,-2.00167,-16.9806
-37.5844,-2.36417,21.9961,62.2011,63.9806,5.99972,-0.0025,33.9597,0.00388889,-38.0019,-54.2536,-72.6172,-2.00167,-16.9806
-37.5844,-2.36417,21.9961,62.2011,63.9806,5.99972,-0.0025,33.9597,0.00388889,-38.0019,-54.2536,-72.6172,-2.00167,-16.9806
-41.4964,-3.27694,22.3722,65.79,63.8183,5.99972,-0.0025,33.9597,0.00388889,-38.0019,-54.2536,-72.6172,-2.00167,-16.9806
-41.4964,-3.27694,22.3722,65.79,63.8183,5.99972,0.00166667,37.2975,0.00388889,-38.0019,-54.2536,-72.6172,-2.00167,-16.9806
-41.4964,-3.27694,22.3722,65.79,63.8183,5.99972,0.00166667,37.2975,0.950556,-38.9967,-58.0686,-74.3806,-2.89056,-16.0058
-41.4964,-3.27694,22.3722,65.79,63.8183,5.99972,0.00166667,37.2975,0.950556,-38.9967,-58.0686,-74.3806,-2.89056,-16.0058
-41.4964,-3.27694,22.3722,65.79,63.8183,5.99972,0.00166667,37.2975,0.950556,-38.9967,-58.0686,-74.3806,-2.89056,-16.0058
-46.7047,-4.00028,24.1064,68.6503,63.0103,5.99972,0.00166667,37.2975,0.950556,-38.9967,-58.0686,-74.3806,-2.89056,-16.0058
-46.7047,-4.00028,24.1064,68.6503,63.0103,5.59944,-0.00166667,41.0939,1.41917,-38.1508,-62.8497,-74.3806,-2.89056,-16.0058
-46.7047,-4.00028,24.1064,68.6503,63.0103,5.59944,-0.00166667,41.0939,1.41917,-38.1508,-62.8497,-77.9403,-4.67361,-16.7944
-46.7047,-4.00028,24.1064,68.6503,63.0103,5.59944,-0.00166667,41.0939,1.41917,-38.1508,-62.8497,-77.9403,-4.67361,-16.7944
-50.5944,-4.00028,24.1064,68.6503,63.0103,5.59944,-0.00166667,41.0939,1.41917,-38.1508,-62.8497,-77.9403,-4.67361,-16.7944
-50.5944,-4.00028,24.9603,70.8353,63.8608,5.59944,-0.00166667,41.0939,1.41917,-38.1508,-62.8497,-77.9403,-4.67361,-16.7944
-50.5944,-4.00028,24.9603,70.8353,63.8608,4.99972,0.00944444,44.5092,2.94639,-37.9514,-66.1756,-77.9403,-4.67361,-16.7944
-50.5944,-4.00028,24.9603,70.8353,63.8608,4.99972,0.00944444,44.5092,2.94639,-37.9514,-66.1756,-80.4672,-8.14444,-17.0006
-50.5944,-4.00028,24.9603,70.8353,63.8608,4.99972,0.00944444,44.5092,2.94639,-37.9514,-66.1756,-80.4672,-8.14444,-17.0006
-54.2,-4.01056,24.9603,70.8353,63.8608,4.99972,0.00944444,44.5092,2.94639,-37.9514,-66.1756,-80.4672,-8.14444,-17.0006
-54.2,-4.01056,22.8525,72.8594,63.995,5.38,-0.0025,46.9692,3.5575,-37.9514,-66.1756,-80.4672,-8.14444,-17.0006
-54.2,-4.01056,22.8525,72.8594,63.995,5.38,-0.0025,46.9692,3.5575,-36.8044,-69.6928,-80.4672,-8.14444,-17.0006
-54.2,-4.01056,22.8525,72.8594,63.995,5.38,-0.0025,46.9692,3.5575,-36.8044,-69.6928,-84.5028,-10.4892,-16.9911
-54.2,-4.01056,22.8525,72.8594,63.995,5.38,-0.0025,46.9692,3.5575,-36.8044,-69.6928,-84.5028,-10.4892,-16.9911
-55.4536,-4.9425,22.8525,72.8594,63.995,5.38,-0.0025,46.9692,3.5575,-36.8044,-69.6928,-84.5028,-10.4892,-16.9911
-55.4536,-4.9425,21.0894,73.5339,63.9981,5.99611,0.0025,48.5711,3.5575,-36.8044,-69.6928,-84.5028,-10.4892,-16.9911
-55.4536,-4.9425,21.0894,73.5339,63.9981,5.99611,0.0025,48.5711,4.05667,-35.0806,-72.3192,-86.6731,-11.9903,-17.0128
-55.4536,-4.9425,21.0894,73.5339,63.9981,5.99611,0.0025,48.5711,4.05667,-35.0806,-72.3192,-86.6731,-11.9903,-17.0128
-55.4536,-4.9425,21.0894,73.5339,63.9981,5.99611,0.0025,48.5711,4.05667,-35.0806,-72.3192,-86.6731,-11.9903,-17.0128
-56.3289,-5.06306,21.8006,75.2133,64.4853,5.99611,0.0025,48.5711,4.05667,-35.0806,-72.3192,-86.6731,-11.9903,-17.0128
-56.3289,-5.06306,21.8006,75.2133,64.4853,5.46361,0.00333333,50.0206,4.05667,-35.0806,-72.3192,-86.6731,-11.9903,-17.0128
-56.3289,-5.06306,21.8006,75.2133,64.4853,5.46361,0.00333333,50.0206,4.375,-34.1061,-74.1056,-88.9008,-11.9994,-16.2233
-56.3289,-5.06306,21.8006,75.2133,64.4853,5.46361,0.00333333,50.0206,4.375,-34.1061,-74.1056,-88.9008,-11.9994,-16.2233
-56.3289,-5.06306,21.8006,75.2133,64.4853,5.46361,0.00333333,50.0206,4.375,-34.1061,-74.1056,-88.9008,-11.9994,-16.2233
-56.9978,-5.99833,23.0006,76.0053,64.8247,5.46361,0.00333333,50.0206,4.375,-34.1061,-74.1056,-88.9008,-11.9994,-16.2233
-56.9978,-5.99833,23.0006,76.0053,64.8247,5.6325,-0.005,51.8194,5.08111,-32.9886,-76.1742,-88.9008,-11.9994,-16.2233
-56.9978,-5.99833,23.0006,76.0053,64.8247,5.6325,-0.005,51.8194,5.08111,-32.9886,-76.1742,-89.9947,-13.8603,-15.9894
-56.9978,-5.99833,23.0006,76.0053,64.8247,5.6325,-0.005,51.8194,5.08111,-32.9886,-76.1742,-89.9947,-13.8603,-15.9894
-56.9992,-5.99833,23.0006,76.0053,64.8247,5.6325,-0.005,51.8194,5.08111,-32.9886,-76.1742,-89.9947,-13.8603,-15.9894
-56.9992,-5.99944,22.4697,76.5483,64.0289,5.6325,-0.005,51.8194,5.08111,-32.9886,-76.1742,-89.9947,-13.8603,-15.9894
-56.9992,-5.99944,22.4697,76.5483,64.0289,6.96917,0.0111111,54.0669,5.96,-33.1017,-78.9275,-89.9947,-13.8603,-15.9894
-56.9992,-5.99944,22.4697,76.5483,64.0289,6.96917,0.0111111,54.0669,5.96,-33.1017,-78.9275,-89.5806,-13.9997,-16.0067
-56.9992,-5.99944,22.4697,76.5483,64.0289,6.96917,0.0111111,54.0669,5.96,-33.1017,-78.9275,-89.5806,-13.9997,-16.0067
-57.4272,-5.3475,22.4697,76.5483,64.0289,6.96917,0.0111111,54.0669,5.96,-33.1017,-78.9275,-89.5806,-13.9997,-16.0067
-57.4272,-5.3475,20.0897,76.9981,64.0414,6.1825,0.00777778,55.165,5.96,-33.1017,-78.9275,-89.5806,-13.9997,-16.0067
-57.4272,-5.3475,20.0897,76.9981,64.0414,6.1825,0.00777778,55.165,7.0075,-33.9964,-81.1039,-89.5806,-13.9997,-16.0067
-57.4272,-5.3475,20.0897,76.9981,64.0414,6.1825,0.00777778,55.165,7.0075,-33.9964,-81.1039,-89.4994,-14.0008,-16.0094
-57.4272,-5.3475,20.0897,76.9981,64.0414,6.1825,0.00777778,55.165,7.0075,-33.9964,-81.1039,-89.4994,-14.0008,-16.0094
-58.0003,-5.00361,20.0897,76.9981,64.0414,6.1825,0.00777778,55.165,7.0075,-33.9964,-81.1039,-89.4994,-14.0008,-16.0094
-58.0003,-5.00361,18.9975,77.0042,64.0061,5.00111,-0.0119444,56.0014,6.34,-33.9964,-81.1039,-89.4994,-14.0008,-16.0094
-58.0003,-5.00361,18.9975,77.0042,64.0061,5.00111,-0.0119444,56.0014,6.34,-33.9981,-82.0011,-90.9694,-14.9978,-15.9886
-58.0003,-5.00361,18.9975,77.0042,64.0061,5.00111,-0.0119444,56.0014,6.34,-33.9981,-82.0011,-90.9694,-14.9978,-15.9886
-58.0003,-5.00361,18.9975,77.0042,64.0061,5.00111,-0.0119444,56.0014,6.34,-33.9981,-82.0011,-90.9694,-14.9978,-15.9886
-58.0003,-5.00167,18.9967,77.8717,64.0014,5.76083,-0.0119444,56.0014,6.34,-33.9981,-82.0011,-90.9694,-14.9978,-15.9886
-58.0003,-5.00167,18.9967,77.8717,64.0014,5.76083,0.00861111,54.7214,6.34,-33.9981,-82.0011,-90.9694,-14.9978,-15.9886
-58.0003,-5.00167,18.9967,77.8717,64.0014,5.76083,0.00861111,54.7214,5.75444,-32.6319,-82.0019,-90.1783,-15.0133,-15.9886
-58.0003,-5.00167,18.9967,77.8717,64.0014,5.76083,0.00861111,54.7214,5.75444,-32.6319,-82.0019,-90.1783,-15.0133,-16.0128
-58.0003,-5.00167,18.9967,77.8717,64.0014,5.76083,0.00861111,54.7214,5.75444,-32.6319,-82.0019,-90.1783,-15.0133,-16.0128
-58.0825,-5.29139,19.37,79.1431,64.0006,5.99667,0.00861111,54.7214,5.75444,-32.6319,-82.0019,-90.1783,-15.0133,-16.0128
-58.0825,-5.29139,19.37,79.1431,64.0006,5.99667,0.0102778,53.02,5.09028,-32.3064,-82.0003,-90.68,-15.0133,-16.0128
-58.0825,-5.29139,19.37,79.1431,64.0006,5.99667,0.0102778,53.02,5.09028,-32.3064,-82.0003,-90.68,-15.9803,-15.9972
-58.0825,-5.29139,19.37,79.1431,64.0006,5.99667,0.0102778,53.02,5.09028,-32.3064,-82.0003,-90.68,-15.9803,-15.9972
-58.9467,-6.73722,20.8172,79.1431,64.0006,5.99667,0.0102778,53.02,5.09028,-32.3064,-82.0003,-90.68,-15.9803,-15.9972
-58.9467,-6.73722,20.8172,80.0047,65.0325,5.99667,0.0102778,53.02,5.09028,-32.3064,-82.0003,-90.68,-15.9803,-15.9972
-58.9467,-6.73722,20.8172,80.0047,65.0325,5.99972,0.005,52.9975,5.99167,-34.105,-81.8289,-90.68,-15.9803,-15.9972
-58.9467,-6.73722,20.8172,80.0047,65.0325,5.99972,0.005,52.9975,5.99167,-34.105,-81.8289,-90.9994,-14.5944,-15.8258
-58.9467,-6.73722,20.8172,80.0047,65.0325,5.99972,0.005,52.9975,5.99167,-34.105,-81.8289,-90.9994,-14.5944,-15.8258
-59.0744,-7.04444,20.8172,80.0047,65.0325,5.99972,0.005,52.9975,5.99167,-34.105,-81.8289,-90.9994,-14.5944,-15.8258
-59.0744,-7.04444,21.3411,80.0031,65.9928,5.38611,0.638611,53.8383,5.99167,-34.105,-81.8289,-90.9994,-14.5944,-15.8258
-59.0744,-7.04444,21.3411,80.0031,65.9928,5.38611,0.638611,53.8383,6.00111,-35.2339,-80.7681,-90.9181,-14.5944,-15.8258
-59.0744,-7.04444,21.3411,80.0031,65.9928,5.38611,0.638611,53.8383,6.00111,-35.2339,-80.7681,-90.9181,-14.0322,-15.0086
-59.0744,-7.04444,21.3411,80.0031,65.9928,5.38611,0.638611,53.8383,6.00111,-35.2339,-80.7681,-90.9181,-14.0322,-15.0086
-60.5769,-7.98556,21.9614,80.0031,65.9928,5.38611,0.638611,53.8383,6.00111,-35.2339,-80.7681,-90.9181,-14.0322,-15.0086
-60.5769,-7.98556,21.9614,80.0031,66.7647,4.99944,0.2375,55.0017,6.00111,-35.2339,-80.7681,-90.9181,-14.0322,-15.0086
-60.5769,-7.98556,21.9614,80.0031,66.7647,4.99944,0.2375,55.0017,7.005,-35.9994,-79.9239,-92.5367,-15.7275,-14.9939
-60.5769,-7.98556,21.9614,80.0031,66.7647,4.99944,0.2375,55.0017,7.005,-35.9994,-79.9239,-92.5367,-15.7275,-14.9939
-60.5769,-7.98556,21.9614,80.0031,66.7647,4.99944,0.2375,55.0017,7.005,-35.9994,-79.9239,-92.5367,-15.7275,-14.9939
-60.9969,-7.99889,19.9139,79.6253,66.9636,5.07417,0.2375,55.0017,7.005,-35.9994,-79.9239,-92.5367,-15.7275,-14.9939
-60.9969,-7.99889,19.9139,79.6253,66.9636,5.07417,-0.0102778,55.0017,7.005,-35.9994,-79.9239,-92.5367,-15.7275,-14.9939
-60.9969,-7.99889,19.9139,79.6253,66.9636,5.07417,-0.0102778,55.0017,7.00417,-36.0006,-79.0014,-92.7689,-16.99,-15.6239
-60.9969,-7.99889,19.9139,79.6253,66.9636,5.07417,-0.0102778,55.0017,7.00417,-36.0006,-79.0014,-92.7689,-16.99,-15.6239
-60.9969,-7.99889,19.9139,79.6253,66.9636,5.07417,-0.0102778,55.0017,7.00417,-36.0006,-79.0014,-92.7689,-16.99,-15.6239
-60.9981,-8.08556,18.0456,78.9986,66.0108,5.99417,-0.0102778,55.0017,7.00417,-36.0006,-79.0014,-92.7689,-16.99,-15.6239
-60.9981,-8.08556,18.0456,78.9986,66.0108,5.99417,0.979722,55.0017,7.85222,-36.0006,-78.9961,-91.35,-15.975,-15.6239
-60.9981,-8.08556,18.0456,78.9986,66.0108,5.99417,0.979722,55.0017,7.85222,-36.0006,-78.9961,-91.35,-15.975,-15.9997
-60.9981,-8.08556,18.0456,78.9986,66.0108,5.99417,0.979722,55.0017,7.85222,-36.0006,-78.9961,-91.35,-15.975,-15.9997
-61.7453,-9.78667,18.5781,78.9986,66.0108,5.99417,0.979722,55.0017,7.85222,-36.0006,-78.9961,-91.35,-15.975,-15.9997
-61.7453,-9.78667,18.5781,79.8994,66.6381,5.99972,0.979722,55.0017,7.85222,-36.0006,-78.9961,-91.35,-15.975,-15.9997
-61.7453,-9.78667,18.5781,79.8994,66.6381,5.99972,1.00833,55.0008,8.00083,-36.0006,-79.0372,-91.6181,-15.975,-15.9997
-61.7453,-9.78667,18.5781,79.8994,66.6381,5.99972,1.00833,55.0008,8.00083,-36.0006,-79.0372,-91.6181,-15,-15.9981
-61.7453,-9.78667,18.5781,79.8994,66.6381,5.99972,1.00833,55.0008,8.00083,-36.0006,-79.0372,-91.6181,-15,-15.9981
-61.7903,-9.74111,19.9,79.8994,66.6381,5.99972,1.00833,55.0008,8.00083,-36.0006,-79.0372,-91.6181,-15,-15.9981
-61.7903,-9.74111,19.9,79.9986,66.9936,5.89472,0.835278,55.0006,8.00083,-36.0006,-79.0372,-91.6181,-15,-15.9981
-61.7903,-9.74111,19.9,79.9986,66.9936,5.89472,0.835278,55.0006,8.00083,-35.5697,-79.9769,-91.9983,-15,-15.9981
-61.7903,-9.74111,19.9,79.9986,66.9936,5.89472,0.835278,55.0006,8.00083,-35.5697,-79.9769,-91.9983,-15,-15.9989
-61.7903,-9.74111,19.9,79.9986,66.9936,5.89472,0.835278,55.0006,8.00083,-35.5697,-79.9769,-91.9983,-15,-15.9989
-60.1422,-8.11,19.9,79.9986,66.9936,5.89472,0.835278,55.0006,8.00083,-35.5697,-79.9769,-91.9983,-15,-15.9989
-60.1422,-8.11,19.0403,79.0458,66.9983,6.48861,-0.00416667,55.4436,8.56306,-34.1339,-79.9769,-91.9983,-15,-15.9989
-60.1422,-8.11,19.0403,79.0458,66.9983,6.48861,-0.00416667,55.4436,8.56306,-34.1339,-79.0103,-91.9997,-15.2622,-16.005
-60.1422,-8.11,19.0403,79.0458,66.9983,6.48861,-0.00416667,55.4436,8.56306,-34.1339,-79.0103,-91.9997,-15.2622,-16.005
-60.1422,-8.11,19.0403,79.0458,66.9983,6.48861,-0.00416667,55.4436,8.56306,-34.1339,-79.0103,-91.9997,-15.2622,-16.005
-60.4767,-8.54056,19.0183,79.0014,66.9997,6.58278,-0.00416667,55.4436,8.56306,-34.1339,-79.0103,-91.9997,-15.2622,-16.005
-60.4767,-8.54056,19.0183,79.0014,66.9997,6.58278,0.0025,56.7786,9.97556,-34.1339,-79.0103,-91.9997,-15.2622,-16.005
-60.4767,-8.54056,19.0183,79.0014,66.9997,6.58278,0.0025,56.7786,9.97556,-34.8283,-79.0022,-92.0008,-15.9794,-15.6083
-60.4767,-8.54056,19.0183,79.0014,66.9997,6.58278,0.0025,56.7786,9.97556,-34.8283,-79.0022,-92.0008,-15.9794,-15.6083
-60.4767,-8.54056,19.0183,79.0014,66.9997,6.58278,0.0025,56.7786,9.97556,-34.8283,-79.0022,-92.0008,-15.9794,-15.6083
-60.7269,-8.7775,19.0011,79.5164,67.0003,5.04028,0.0025,56.7786,9.97556,-34.8283,-79.0022,-92.0008,-15.9794,-15.6083
-60.7269,-8.7775,19.0011,79.5164,67.0003,5.04028,0.376667,56.6653,9.18528,-34.5175,-79.0014,-92.0008,-15.9794,-15.6083
-60.7269,-8.7775,19.0011,79.5164,67.0003,5.04028,0.376667,56.6653,9.18528,-34.5175,-79.0014,-92.0006,-15.0422,-15.3011
-60.7269,-8.7775,19.0011,79.5164,67.0003,5.04028,0.376667,56.6653,9.18528,-34.5175,-79.0014,-92.0006,-15.0422,-15.3011
-60.03,-8.00694,20.1836,79.5164,67.0003,5.04028,0.376667,56.6653,9.18528,-34.5175,-79.0014,-92.0006,-15.0422,-15.3011
-60.03,-8.00694,20.1836,80.9864,67.7256,4.7175,0.376667,56.6653,9.18528,-34.5175,-79.0014,-92.0006,-15.0422,-15.3011
-60.03,-8.00694,20.1836,80.9864,67.7256,4.7175,0.780556,54.995,8.99694,-31.5597,-81.0056,-92.0006,-15.0422,-15.3011
-60.03,-8.00694,20.1836,80.9864,67.7256,4.7175,0.780556,54.995,8.99694,-31.5597,-81.0056,-92.9225,-15.0017,-15.9997
-60.03,-8.00694,20.1836,80.9864,67.7256,4.7175,0.780556,54.995,8.99694,-31.5597,-81.0056,-92.9225,-15.0017,-15.9997
-60.9308,-9.615,20.1836,80.9864,67.7256,4.7175,0.780556,54.995,8.99694,-31.5597,-81.0056,-92.9225,-15.0017,-15.9997
-60.9308,-9.615,21.0025,80.9975,67.9378,3.99944,-0.0025,55.395,8.99694,-31.5597,-81.0056,-92.9225,-15.0017,-15.9997
-60.9308,-9.615,21.0025,80.9975,67.9378,3.99944,-0.0025,55.395,8.75833,-29.3956,-82.0697,-92.9225,-15.0017,-15.9997
-60.9308,-9.615,21.0025,80.9975,67.9378,3.99944,-0.0025,55.395,8.75833,-29.3956,-82.0697,-93.4378,-16.4561,-16.0067
-60.9308,-9.615,21.0025,80.9975,67.9378,3.99944,-0.0025,55.395,8.75833,-29.3956,-82.0697,-93.4378,-16.4561,-16.0067
-60.8317,-9.99639,20.9894,80.9975,67.9378,3.99944,-0.0025,55.395,8.75833,-29.3956,-82.0697,-93.4378,-16.4561,-16.0067
-60.8317,-9.99639,20.9894,81.0011,67.0214,4.98417,0.00861111,55.7178,8.75833,-29.3956,-82.0697,-93.4378,-16.4561,-16.0067
-60.8317,-9.99639,20.9894,81.0011,67.0214,4.98417,0.00861111,55.7178,7.84222,-28.0981,-82.9747,-93.8422,-16.8322,-16.9753
-60.8317,-9.99639,20.9894,81.0011,67.0214,4.98417,0.00861111,55.7178,7.84222,-28.0981,-82.9747,-93.8422,-16.8322,-16.9753
-60.8317,-9.99639,20.9894,81.0011,67.0214,4.98417,0.00861111,55.7178,7.84222,-28.0981,-82.9747,-93.8422,-16.8322,-16.9753
-61.2247,-10.2083,20.2053,80.9542,67.0842,4.98417,0.00861111,55.7178,7.84222,-28.0981,-82.9747,-93.8422,-16.8322,-16.9753
-61.2247,-10.2083,20.2053,80.9542,67.0842,4.99889,0.0102778,55.0628,6.99778,-28.0981,-82.9747,-93.8422,-16.8322,-16.9753
-61.2247,-10.2083,20.2053,80.9542,67.0842,4.99889,0.0102778,55.0628,6.99778,-27.5978,-83.0008,-93.0022,-15.9442,-16.2644
-61.2247,-10.2083,20.2053,80.9542,67.0842,4.99889,0.0102778,55.0628,6.99778,-27.5978,-83.0008,-93.0022,-15.9442,-16.2644
-61.2247,-10.2083,20.2053,80.9542,67.0842,4.99889,0.0102778,55.0628,6.99778,-27.5978,-83.0008,-93.0022,-15.9442,-16.2644
-62.2256,-11.0014,20.9972,79.9969,67.9875,4.99861,0.0102778,55.0628,6.99778,-27.5978,-83.0008,-93.0022,-15.9442,-16.2644
-62.2256,-11.0014,20.9972,79.9969,67.9875,4.99861,-0.0102778,56.5808,7.77778,-25.0933,-83.0008,-93.0003,-15.9442,-16.2644
-62.2256,-11.0014,20.9972,79.9969,67.9875,4.99861,-0.0102778,56.5808,7.77778,-25.0933,-83.0008,-93.0003,-15.0153,-16.0642
-62.2256,-11.0014,20.9972,79.9969,67.9875,4.99861,-0.0102778,56.5808,7.77778,-25.0933,-83.0008,-93.0003,-15.0153,-16.0642
-62.9981,-11.0014,20.9972,79.9969,67.9875,4.99861,-0.0102778,56.5808,7.77778,-25.0933,-83.0008,-93.0003,-15.0153,-16.0642
-62.9981,-11.0014,21.475,80.505,67.7794,4.99972,-0.0102778,56.5808,7.77778,-25.0933,-83.0008,-93.0003,-15.0153,-16.0642
-62.9981,-11.0014,21.475,80.505,67.7794,4.99972,0.0102778,56.9647,7.65611,-24.9983,-82.1689,-92.5178,-15.0153,-16.0642
-62.9981,-11.0014,21.475,80.505,67.7794,4.99972,0.0102778,56.9647,7.65611,-24.9983,-82.1689,-92.5178,-14.9592,-16.9919
-62.9981,-11.0014,21.475,80.505,67.7794,4.99972,0.0102778,56.9647,7.65611,-24.9983,-82.1689,-92.5178,-14.9592,-16.9919
-62.6322,-10.8361,22.0014,80.505,67.7794,4.99972,0.0102778,56.9647,7.65611,-24.9983,-82.1689,-92.5178,-14.9592,-16.9919
-62.6322,-10.8361,22.0014,81.0019,67.0142,5.00056,0.00777778,55.7592,7.00056,-24.9983,-82.1689,-92.5178,-14.9592,-16.9919
-62.6322,-10.8361,22.0014,81.0019,67.0142,5.00056,0.00777778,55.7592,7.00056,-24.995,-81.9983,-91.1139,-14.9592,-16.9919
-62.6322,-10.8361,22.0014,81.0019,67.0142,5.00056,0.00777778,55.7592,7.00056,-24.995,-81.9983,-91.1139,-14.1967,-16.7553
-62.6322,-10.8361,22.0014,81.0019,67.0142,5.00056,0.00777778,55.7592,7.00056,-24.995,-81.9983,-91.1139,-14.1967,-16.7553
-62.3189,-10.9953,22.0014,81.0019,67.0142,5.00056,0.00777778,55.7592,7.00056,-24.995,-81.9983,-91.1139,-14.1967,-16.7553
-62.3189,-10.9953,22.0022,80.8375,67.7308,4.99778,-0.000833333,54.9958,7.00083,-24.995,-81.9983,-91.1139,-14.1967,-16.7553
-62.3189,-10.9953,22.0022,80.8375,67.7308,4.99778,-0.000833333,54.9958,7.00083,-24.995,-81.9975,-90.9986,-14.9147,-16.7553
-62.3189,-10.9953,22.0022,80.8375,67.7308,4.99778,-0.000833333,54.9958,7.00083,-24.995,-81.9975,-90.9986,-14.9147,-16.4575
-62.3189,-10.9953,22.0022,80.8375,67.7308,4.99778,-0.000833333,54.9958,7.00083,-24.995,-81.9975,-90.9986,-14.9147,-16.4575
-62.9922,-10.9981,22.0006,80.0011,67.9917,4.99861,-0.000833333,54.9958,7.00083,-24.995,-81.9975,-90.9986,-14.9147,-16.4575
-62.9922,-10.9981,22.0006,80.0011,67.9917,4.99861,0,54.9967,7.00056,-24.995,-81.9975,-90.9986,-14.9147,-16.4575
-62.9922,-10.9981,22.0006,80.0011,67.9917,4.99861,0,54.9967,7.00056,-24.9958,-81.9975,-90.9986,-14.9939,-16.9214
-62.9922,-10.9981,22.0006,80.0011,67.9917,4.99861,0,54.9967,7.00056,-24.9958,-81.9975,-90.9986,-14.9939,-16.9214
-62.9922,-10.9981,22.0006,80.0011,67.9917,4.99861,0,54.9967,7.00056,-24.9958,-81.9975,-90.9986,-14.9939,-16.9214
-62.9978,-10.9994,22.0006,80.0003,67.9967,5.00056,0,54.9967,7.00056,-24.9958,-81.9975,-90.9986,-14.9939,-16.9214
-62.9978,-10.9994,22.0006,80.0003,67.9967,5.00056,-0.0102778,54.9981,7.00472,-25.6303,-81.9983,-90.9986,-14.9939,-16.9214
-62.9978,-10.9994,22.0006,80.0003,67.9967,5.00056,-0.0102778,54.9981,7.00472,-25.6303,-81.9983,-90.9986,-14.0078,-16.0042
-62.9978,-10.9994,22.0006,80.0003,67.9967,5.00056,-0.0102778,54.9981,7.00472,-25.6303,-81.9983,-90.9986,-14.0078,-16.0042
-62.9583,-11.0003,22.1025,80.0003,67.9967,5.00056,-0.0102778,54.9981,7.00472,-25.6303,-81.9983,-90.9986,-14.0078,-16.0042
-62.9583,-11.0003,22.1025,80.0003,67.9986,5.00056,-0.0102778,54.9981,7.00472,-25.6303,-81.9983,-90.9986,-14.0078,-16.0042
-62.9583,-11.0003,22.1025,80.0003,67.9986,4.99778,-0.0111111,54.9989,7.95333,-26.9981,-81.9983,-91.0969,-14.0022,-16.0042
-62.9583,-11.0003,22.1025,80.0003,67.9986,4.99778,-0.0111111,54.9989,7.95333,-26.9981,-81.9983,-91.0969,-14.0022,-16.0764
-62.9583,-11.0003,22.1025,80.0003,67.9986,4.99778,-0.0111111,54.9989,7.95333,-26.9981,-81.9983,-91.0969,-14.0022,-16.0764
-61.2856,-11.0003,22.7881,80.0003,67.9986,4.99778,-0.0111111,54.9989,7.95333,-26.9981,-81.9983,-91.0969,-14.0022,-16.0764
-61.2856,-11.0003,22.7881,81.6703,68.0981,4.99722,0.0102778,54.9992,7.29222,-26.9981,-81.9983,-91.0969,-14.0022,-16.0764
-61.2856,-11.0003,22.7881,81.6703,68.0981,4.99722,0.0102778,54.9992,7.29222,-27.2567,-81.01,-91.9947,-14.0022,-16.0764
-61.2856,-11.0003,22.7881,81.6703,68.0981,4.99722,0.0102778,54.9992,7.29222,-27.2567,-81.01,-91.9947,-14.6253,-17.0058
-61.2856,-11.0003,22.7881,81.6703,68.0981,4.99722,0.0102778,54.9992,7.29222,-27.2567,-81.01,-91.9947,-14.6253,-17.0058
-59.4667,-11.7422,21.2236,81.6703,68.0981,4.99722,0.0102778,54.9992,7.29222,-27.2567,-81.01,-91.9947,-14.6253,-17.0058
-59.4667,-11.7422,21.2236,83.7369,69.5964,5.00194,-0.00333333,54.9992,7.29222,-27.2567,-81.01,-91.9947,-14.6253,-17.0058
-59.4667,-11.7422,21.2236,83.7369,69.5964,5.00194,-0.00333333,54.9992,7.29222,-27.8128,-80.9969,-91.0458,-14.9947,-16.7169
-59.4667,-11.7422,21.2236,83.7369,69.5964,5.00194,-0.00333333,54.9992,7.29222,-27.8128,-80.9969,-91.0458,-14.9947,-16.7169
-59.4667,-11.7422,21.2236,83.7369,69.5964,5.00194,-0.00333333,54.9992,7.29222,-27.8128,-80.9969,-91.0458,-14.9947,-16.7169
-58.7814,-11.9997,21.3375,84.0006,70.1381,5.00194,-0.00333333,54.9992,7.29222,-27.8128,-80.9969,-91.0458,-14.9947,-16.7169
-58.7814,-11.9997,21.3375,84.0006,70.1381,4.99722,-0.0111111,54.2858,6.68472,-27.8128,-80.9969,-91.0458,-14.9947,-16.7169
-58.7814,-11.9997,21.3375,84.0006,70.1381,4.99722,-0.0111111,54.2858,6.68472,-27.1514,-81.0839,-91.0025,-14.9969,-16.0033
-58.7814,-11.9997,21.3375,84.0006,70.1381,4.99722,-0.0111111,54.2858,6.68472,-27.1514,-81.0839,-91.0025,-14.9969,-16.0033
-58.7814,-11.9997,21.3375,84.0006,70.1381,4.99722,-0.0111111,54.2858,6.68472,-27.1514,-81.0839,-91.0025,-14.9969,-16.0033
-56.6661,-12.1247,21.89,84.1017,70.9992,5.00167,-0.0111111,54.2858,6.68472,-27.1514,-81.0839,-91.0025,-14.9969,-16.0033
-56.6661,-12.1247,21.89,84.1017,70.9992,5.00167,0.0111111,53.0008,5.9975,-28.5819,-81.9958,-90.9997,-14.9969,-16.0033
-56.6661,-12.1247,21.89,84.1017,70.9992,5.00167,0.0111111,53.0008,5.9975,-28.5819,-81.9958,-90.9997,-14.9969,-15.0286
-56.6661,-12.1247,21.89,84.1017,70.9992,5.00167,0.0111111,53.0008,5.9975,-28.5819,-81.9958,-90.9997,-14.9969,-15.0286
-54.3231,-12.0117,20.69,84.1017,70.9992,5.00167,0.0111111,53.0008,5.9975,-28.5819,-81.9958,-90.9997,-14.9969,-15.0286
-54.3231,-12.0117,20.69,84.9978,71.8833,5.00194,0.0111111,53.0008,5.9975,-28.5819,-81.9958,-90.9997,-14.9969,-15.0286
-54.3231,-12.0117,20.69,84.9978,71.8833,5.00194,0.0111111,53.8867,6.65639,-28.6567,-81.27,-91.0003,-14.9994,-15.0286
-54.3231,-12.0117,20.69,84.9978,71.8833,5.00194,0.0111111,53.8867,6.65639,-28.6567,-81.27,-91.0003,-14.9994,-15.825
-54.3231,-12.0117,20.69,84.9978,71.8833,5.00194,0.0111111,53.8867,6.65639,-28.6567,-81.27,-91.0003,-14.9994,-15.825
-54.0703,-13.2111,19.9947,84.9978,71.8833,5.00194,0.0111111,53.8867,6.65639,-28.6567,-81.27,-91.0003,-14.9994,-15.825
-54.0703,-13.2111,19.9947,84.9997,73.3006,5.00194,0.00694444,54.0003,6.65639,-26.7667,-81.27,-91.0003,-14.9994,-15.825
-54.0703,-13.2111,19.9947,84.9997,73.3006,5.00194,0.00694444,54.0003,6.65639,-26.7667,-81.1022,-90.9994,-14.9922,-16.0006
-54.0703,-13.2111,19.9947,84.9997,73.3006,5.00194,0.00694444,54.0003,6.65639,-26.7667,-81.1022,-90.9994,-14.9922,-16.0006
-54.0703,-13.2111,19.9947,84.9997,73.3006,5.00194,0.00694444,54.0003,6.65639,-26.7667,-81.1022,-90.9994,-14.9922,-16.0006
-54.9911,-13.8828,19.9964,84.9997,73.3006,5.00194,0.00694444,54.0003,6.65639,-26.7667,-81.1022,-90.9994,-14.9922,-16.0006
-54.9911,-13.8828,19.9964,84.0478,74.9342,5.0025,-0.00583333,54.0003,7.00167,-25.0028,-81.1022,-90.9994,-14.9922,-16.0006
-54.9911,-13.8828,19.9964,84.0478,74.9342,5.0025,-0.00583333,54.0003,7.00167,-25.0028,-81.9942,-90.3619,-13.5042,-16.0086
-54.9911,-13.8828,19.9964,84.0478,74.9342,5.0025,-0.00583333,54.0003,7.00167,-25.0028,-81.9942,-90.3619,-13.5042,-16.0086
-54.9911,-13.8828,19.9964,84.0478,74.9342,5.0025,-0.00583333,54.0003,7.00167,-25.0028,-81.9942,-90.3619,-13.5042,-16.0086
-54.1569,-13.0331,19.9964,84.2686,74.1028,5.00167,-0.00583333,54.0003,7.00167,-25.0028,-81.9942,-90.3619,-13.5042,-16.0086
-54.1569,-13.0331,19.9964,84.2686,74.1028,5.00167,0.00777778,54.0003,7.00083,-25.7617,-81.9942,-90.3619,-13.5042,-16.0086
-54.1569,-13.0331,19.9964,84.2686,74.1028,5.00167,0.00777778,54.0003,7.00083,-25.7617,-81.9983,-89.9992,-13.0672,-15.9894
-54.1569,-13.0331,19.9964,84.2686,74.1028,5.00167,0.00777778,54.0003,7.00083,-25.7617,-81.9983,-89.9992,-13.0672,-15.9894
-52.1867,-13.0331,19.9964,84.2686,74.1028,5.00167,0.00777778,54.0003,7.00083,-25.7617,-81.9983,-89.9992,-13.0672,-15.9894
-52.1867,-13.7325,19.9964,85.0006,74.1028,4.99972,0.0102778,54.0003,7.00083,-25.7617,-81.9983,-89.9992,-13.0672,-15.9894
-52.1867,-13.7325,19.9964,85.0006,74.1028,4.99972,0.0102778,54.0003,7.00083,-25.9975,-81.9983,-90.2431,-14.2972,-15.9894
-52.1867,-13.7325,19.9964,85.0006,74.1028,4.99972,0.0102778,54.0003,7.00083,-25.9975,-81.9983,-90.2431,-14.2972,-16.9222
-52.1867,-13.7325,19.9964,85.0006,74.1028,4.99972,0.0102778,54.0003,7.00083,-25.9975,-81.9983,-90.2431,-14.2972,-16.9222
-52.1867,-13.9972,20,85.0014,74.1028,4.99972,0.0102778,54.0003,7.00083,-25.9975,-81.9983,-90.2431,-14.2972,-16.9222
-52.1867,-13.9972,20,85.0014,75.9019,5.00194,0.0102778,54.0003,7.00083,-25.9975,-81.9983,-90.2431,-14.2972,-16.9222
-52.1867,-13.9972,20,85.0014,75.9019,5.00194,-0.005,54.0003,7.00028,-26.1742,-81.9983,-90.2431,-14.2972,-16.9222
-52.1867,-13.9972,20,85.0014,75.9019,5.00194,-0.005,54.0003,7.00028,-26.1742,-81.9983,-90.2431,-15.8842,-16.3792
-52.1867,-13.9972,20,85.0014,75.9019,5.00194,-0.005,54.0003,7.00028,-26.1742,-81.9983,-90.2431,-15.8842,-16.3792
-52.5211,-14.0658,19.9869,85.0014,75.9019,5.00194,-0.005,54.0003,7.00028,-26.1742,-81.9983,-90.2431,-15.8842,-16.3792
-52.5211,-14.0658,19.9869,84.9997,75.9981,5.00194,-0.0188889,54.0003,6.99944,-27.8344,-81.9983,-90.2431,-15.8842,-16.3792
-52.5211,-14.0658,19.9869,84.9997,75.9981,5.00194,-0.0188889,54.0003,6.99944,-27.8344,-81.9983,-91.9094,-15.3397,-16.3792
-52.5211,-14.0658,19.9869,84.9997,75.9981,5.00194,-0.0188889,54.0003,6.99944,-27.8344,-81.9983,-91.9094,-15.3397,-16.3792
-52.5211,-14.0658,19.9869,84.9997,75.9981,5.00194,-0.0188889,54.0003,6.99944,-27.8344,-81.9983,-91.9094,-15.3397,-16.3792
-54.3394,-15.4942,19.2239,84.9047,75.9981,5.00194,-0.0188889,54.0003,6.99944,-27.8344,-81.9983,-91.9094,-15.3397,-16.3792
-54.3394,-15.4942,19.2239,84.9047,76.0419,4.56778,-0.998056,54.0003,6.99944,-27.8344,-81.9983,-91.9094,-15.3397,-16.3792
-54.3394,-15.4942,19.2239,84.9047,76.0419,4.56778,-0.998056,54.0003,6.99944,-27.9997,-82.0003,-91.0272,-15.0033,-15.9972
-54.3394,-15.4942,19.2239,84.9047,76.0419,4.56778,-0.998056,54.0003,6.99944,-27.9997,-82.0003,-91.0272,-15.0033,-15.9972
-54.9956,-15.4942,19.2239,84.9047,76.0419,4.56778,-0.998056,54.0003,6.99944,-27.9997,-82.0003,-91.0272,-15.0033,-15.9972
-54.9956,-15.9986,19.9886,84.0006,76.8597,4.15833,-1.00583,54.0003,6.99944,-27.9997,-82.0003,-91.0272,-15.0033,-15.9972
-54.9956,-15.9986,19.9886,84.0006,76.8597,4.15833,-1.00583,54.0003,6.99944,-27.9997,-82.0003,-91.0272,-15.0033,-15.9972
-54.9956,-15.9986,19.9886,84.0006,76.8597,4.15833,-1.00583,54.0003,6.99944,-27.9997,-82.0003,-91.9914,-15.0011,-16.1581
-54.9956,-15.9986,19.9886,84.0006,76.8597,4.15833,-1.00583,54.0003,6.99944,-27.9997,-82.0003,-91.9914,-15.0011,-16.1581
-54.9956,-15.9986,19.9886,84.0006,76.8597,4.15833,-1.00583,54.0003,6.99944,-27.9997,-82.0003,-91.9914,-15.0011,-16.1581
-54.9975,-15.7044,18.9331,83.9989,76.0933,4.97944,-1.00583,54.0003,6.99944,-27.9997,-82.0003,-91.9914,-15.0011,-16.1581
-54.9975,-15.7044,18.9331,83.9989,76.0933,4.97944,-1.01028,54.0003,6.99944,-27.9997,-81.9994,-90.3933,-14.6344,-16.9961
-54.9975,-15.7044,18.9331,83.9989,76.0933,4.97944,-1.01028,54.0003,6.99944,-27.9997,-81.9994,-90.3933,-14.6344,-16.9961
-54.9975,-15.7044,18.9331,83.9989,76.0933,4.97944,-1.01028,54.0003,6.99944,-27.9997,-81.9994,-90.3933,-14.6344,-16.9961
-54.9289,-14.3572,17.1919,83.9989,76.0933,4.97944,-1.01028,54.0003,6.99944,-27.9997,-81.9994,-90.3933,-14.6344,-16.9961
-54.9289,-14.3572,17.1919,83.9989,75.8406,5.28306,-0.990278,54.0003,6.99944,-27.9997,-81.9994,-90.3933,-14.6344,-16.9961
-54.9289,-14.3572,17.1919,83.9989,75.8406,5.28306,-0.990278,54.0003,7.33361,-27.8214,-81.9994,-89.9994,-13.2194,-16.9961
-54.9289,-14.3572,17.1919,83.9989,75.8406,5.28306,-0.990278,54.0003,7.33361,-27.8214,-81.9994,-89.9994,-13.2194,-17.0144
-54.9289,-14.3572,17.1919,83.9989,75.8406,5.28306,-0.990278,54.0003,7.33361,-27.8214,-81.9994,-89.9994,-13.2194,-17.0144
-54.0122,-14.0036,17.1919,83.9989,75.8406,5.28306,-0.990278,54.0003,7.33361,-27.8214,-81.9994,-89.9994,-13.2194,-17.0144
-54.0122,-14.0036,16.9961,83.9989,75.0025,5.9975,-1.00222,53.9978,7.9525,-27.0061,-81.9994,-89.9994,-13.2194,-17.0144
-54.0122,-14.0036,16.9961,83.9989,75.0025,5.9975,-1.00222,53.9978,7.9525,-27.0061,-81.9994,-89.9994,-13.6014,-16.9989
-54.0122,-14.0036,16.9961,83.9989,75.0025,5.9975,-1.00222,53.9978,7.9525,-27.0061,-81.9994,-89.9994,-13.6014,-16.9989
-55.3117,-14.0036,16.9961,83.9989,75.0025,5.9975,-1.00222,53.9978,7.9525,-27.0061,-81.9994,-89.9994,-13.6014,-16.9989
-55.3117,-14.0011,16.9978,83.9989,75.0025,5.9975,-1.00222,53.9978,7.9525,-27.0061,-81.9994,-89.9994,-13.6014,-16.9989
-55.3117,-14.0011,16.9978,83.9997,75.0003,6.06278,-0.626389,54,7.06667,-27.0008,-81.9994,-89.9994,-13.6014,-16.9989
-55.3117,-14.0011,16.9978,83.9997,75.0003,6.06278,-0.626389,54,7.06667,-27.0008,-81.6261,-90.2522,-14.8256,-16.0478
-55.3117,-14.0011,16.9978,83.9997,75.0003,6.06278,-0.626389,54,7.06667,-27.0008,-81.6261,-90.2522,-14.8256,-16.0478
-55.3117,-14.0011,16.9978,83.9997,75.0003,6.06278,-0.626389,54,7.06667,-27.0008,-81.6261,-90.2522,-14.8256,-16.0478
-55.5119,-14,16.9978,83.9997,74.6811,6.97,-0.00333333,54,7.06667,-27.0008,-81.6261,-90.2522,-14.8256,-16.0478
-55.5119,-14,16.9978,83.9997,74.6811,6.97,-0.00333333,54.6794,7.93556,-27.0008,-81.6261,-90.2522,-14.8256,-16.0478
-55.5119,-14,16.9978,83.9997,74.6811,6.97,-0.00333333,54.6794,7.93556,-27.0008,-81.0019,-91.9783,-14.9972,-15.9894
-55.5119,-14,16.9978,83.9997,74.6811,6.97,-0.00333333,54.6794,7.93556,-27.0008,-81.0019,-91.9783,-14.9972,-15.9894
-55.0033,-14,16.9978,83.9997,74.6811,6.97,-0.00333333,54.6794,7.93556,-27.0008,-81.0019,-91.9783,-14.9972,-15.9894
-55.0033,-13.9997,16.9986,83.9997,74.5086,6.00806,0.0102778,54.6794,7.93556,-27.0008,-81.0019,-91.9783,-14.9972,-15.9894
-55.0033,-13.9997,16.9986,83.9997,74.5086,6.00806,0.0102778,54.5544,7.67944,-26.9992,-80.9986,-91.6764,-14.9986,-15.9894
-55.0033,-13.9997,16.9986,83.9997,74.5086,6.00806,0.0102778,54.5544,7.67944,-26.9992,-80.9986,-91.6764,-14.9986,-16.7133
-55.0033,-13.9997,16.9986,83.9997,74.5086,6.00806,0.0102778,54.5544,7.67944,-26.9992,-80.9986,-91.6764,-14.9986,-16.7133
-54.3428,-13.6958,17.0014,84.8414,74.5086,6.00806,0.0102778,54.5544,7.67944,-26.9992,-80.9986,-91.6764,-14.9986,-16.7133
-54.3428,-13.6958,17.0014,84.8414,74.9886,5.99917,-0.0102778,53.0117,7.67944,-26.9992,-80.9986,-91.6764,-14.9986,-16.7133
-54.3428,-13.6958,17.0014,84.8414,74.9886,5.99917,-0.0102778,53.0117,6.425,-27.3758,-81.4225,-91.0006,-14.9986,-16.7133
-54.3428,-13.6958,17.0014,84.8414,74.9886,5.99917,-0.0102778,53.0117,6.425,-27.3758,-81.4225,-91.0006,-14.2686,-16.3653
-54.3428,-13.6958,17.0014,84.8414,74.9886,5.99917,-0.0102778,53.0117,6.425,-27.3758,-81.4225,-91.0006,-14.2686,-16.3653
-54.0028,-13.5483,16.9994,84.8414,74.9886,5.99917,-0.0102778,53.0117,6.425,-27.3758,-81.4225,-91.0006,-14.2686,-16.3653
-54.0028,-13.5483,16.9994,84.9989,74.9961,5.99306,-0.00694444,51.9975,6.44444,-29.7219,-81.9967,-91.0006,-14.2686,-16.3653
-54.0028,-13.5483,16.9994,84.9989,74.9961,5.99306,-0.00694444,51.9975,6.44444,-29.7219,-81.9967,-91.0003,-14.2686,-16.3653
-54.0028,-13.5483,16.9994,84.9989,74.9961,5.99306,-0.00694444,51.9975,6.44444,-29.7219,-81.9967,-91.0003,-14.3158,-16.5706
-54.0028,-13.5483,16.9994,84.9989,74.9961,5.99306,-0.00694444,51.9975,6.44444,-29.7219,-81.9967,-91.0003,-14.3158,-16.5706
-54.3842,-14.7917,16.9994,85.8628,74.9961,5.99306,-0.00694444,51.9975,6.44444,-29.7219,-81.9967,-91.0003,-14.3158,-16.5706
-54.3842,-14.7917,16.9994,85.8628,75.6675,5.00583,-0.00694444,51.9975,7.93556,-32.2717,-81.9967,-91.0003,-14.3158,-16.5706
-54.3842,-14.7917,16.9994,85.8628,75.6675,5.00583,-0.00694444,51.9975,7.93556,-32.2717,-81.9983,-91.9428,-14.9931,-16.7264
-54.3842,-14.7917,16.9994,85.8628,75.6675,5.00583,-0.00694444,51.9975,7.93556,-32.2717,-81.9983,-91.9428,-14.9931,-16.7264
-54.3842,-14.7917,16.9994,85.8628,75.6675,5.00583,-0.00694444,51.9975,7.93556,-32.2717,-81.9983,-91.9428,-14.9931,-16.7264
-55.8733,-14.9964,16.9986,85.0736,75.5422,6.01361,0.0111111,51.9975,7.93556,-32.2717,-81.9983,-91.9428,-14.9931,-16.7264
-55.8733,-14.9964,16.9986,85.0736,75.5422,6.01361,0.0111111,52.9878,8.31611,-32.9878,-81.9983,-91.9428,-14.9931,-16.7264
-55.8733,-14.9964,16.9986,85.0736,75.5422,6.01361,0.0111111,52.9878,8.31611,-32.9878,-81.9983,-91.9983,-14.9972,-16.0242
-55.8733,-14.9964,16.9986,85.0736,75.5422,6.01361,0.0111111,52.9878,8.31611,-32.9878,-81.9983,-91.9983,-14.9972,-16.0242
-55.8733,-14.9964,16.9986,85.0736,75.5422,6.01361,0.0111111,52.9878,8.31611,-32.9878,-81.9983,-91.9983,-14.9972,-16.0242
-55.9981,-14.8514,16.9994,84.9544,74.0667,7.76806,0.0111111,52.9878,8.31611,-32.9878,-81.9983,-91.9983,-14.9972,-16.0242
-55.9981,-14.8514,16.9994,84.9544,74.0667,7.76806,-0.000833333,54.0036,9.00111,-31.6494,-82.0019,-91.2547,-14.9983,-16.8594
-55.9981,-14.8514,16.9994,84.9544,74.0667,7.76806,-0.000833333,54.0036,9.00111,-31.6494,-82.0019,-91.2547,-14.9983,-16.8594
-55.9981,-14.8514,16.9994,84.9544,74.0667,7.76806,-0.000833333,54.0036,9.00111,-31.6494,-82.0019,-91.2547,-14.9983,-16.8594
-56.0339,-14.9931,16.9994,84.9544,74.0667,7.76806,-0.000833333,54.0036,9.00111,-31.6494,-82.0019,-91.2547,-14.9983,-16.8594
-56.0339,-14.9931,16.9994,84.9544,74.1433,7.10278,-0.000833333,54.0036,9.00111,-31.6494,-82.0019,-91.2547,-14.9983,-16.8594
-56.0339,-14.9931,16.9994,84.9544,74.1433,7.10278,-0.0119444,54.0036,9.00111,-31.0019,-81.0203,-91.0006,-14.9992,-16.8594
-56.0339,-14.9931,16.9994,84.9544,74.1433,7.10278,-0.0119444,54.0036,9.00111,-31.0019,-81.0203,-91.0006,-14.9992,-16.9997
-56.0339,-14.9931,16.9994,84.9544,74.1433,7.10278,-0.0119444,54.0036,9.00111,-31.0019,-81.0203,-91.0006,-14.9992,-16.9997
-56.7178,-14.9964,16.9994,83.9972,74.1433,7.10278,-0.0119444,54.0036,9.00111,-31.0019,-81.0203,-91.0006,-14.9992,-16.9997
-56.7178,-14.9964,16.9994,83.9972,74.0269,6.80861,0.0102778,54.0025,9.00111,-31.0019,-81.0203,-91.0006,-14.9992,-16.9997
-56.7178,-14.9964,16.9994,83.9972,74.0269,6.80861,0.0102778,54.0025,9.00111,-31.0578,-81.0003,-90.9994,-14.9992,-16.9622
-56.7178,-14.9964,16.9994,83.9972,74.0269,6.80861,0.0102778,54.0025,9.00111,-31.0578,-81.0003,-90.9994,-14.9992,-16.9622
-56.7178,-14.9964,16.9994,83.9972,74.0269,6.80861,0.0102778,54.0025,9.00111,-31.0578,-81.0003,-90.9994,-14.9992,-16.9622
-55.9783,-14.9986,16.9994,83.9972,74.0269,6.80861,0.0102778,54.0025,9.00111,-31.0578,-81.0003,-90.9994,-14.9992,-16.9622
-55.9783,-14.9986,16.9994,83.9981,75.1669,5.99833,-0.0702778,53.6764,8.69583,-31.995,-80.9994,-90.9994,-14.9992,-16.9622
-55.9783,-14.9986,16.9994,83.9981,75.1669,5.99833,-0.0702778,53.6764,8.69583,-31.995,-80.9994,-91.1564,-15.6214,-15.9964
-55.9783,-14.9986,16.9994,83.9981,75.1669,5.99833,-0.0702778,53.6764,8.69583,-31.995,-80.9994,-91.1564,-15.6214,-15.9964
-55.9783,-14.9986,16.9994,83.9981,75.1669,5.99833,-0.0702778,53.6764,8.69583,-31.995,-80.9994,-91.1564,-15.6214,-15.9964
-55.0131,-14.9994,16.3633,83.9981,75.9919,5.99806,-0.990278,53.6764,8.69583,-31.995,-80.9994,-91.1564,-15.6214,-15.9964
-55.0131,-14.9994,16.3633,83.9981,75.9919,5.99806,-0.990278,52.9956,8.00056,-31.1811,-80.9994,-91.1564,-15.6214,-15.9964
-55.0131,-14.9994,16.3633,83.9981,75.9919,5.99806,-0.990278,52.9956,8.00056,-31.1811,-80.995,-91.0106,-15.9989,-15.9911
-55.0131,-14.9994,16.3633,83.9981,75.9919,5.99806,-0.990278,52.9956,8.00056,-31.1811,-80.995,-91.0106,-15.9989,-15.9911
-55.0014,-14.9994,16.3633,83.9981,75.9919,5.99806,-0.990278,52.9956,8.00056,-31.1811,-80.995,-91.0106,-15.9989,-15.9911
-55.0014,-14.9997,15.9981,83.9981,75.9981,5.99833,-1.01111,52.9956,8.00056,-31.1811,-80.995,-91.0106,-15.9989,-15.9911
-55.0014,-14.9997,15.9981,83.9981,75.9981,5.99833,-1.01111,52.9964,7.33972,-30.5972,-80.9969,-91.0014,-15.9989,-15.9911
-55.0014,-14.9997,15.9981,83.9981,75.9981,5.99833,-1.01111,52.9964,7.33972,-30.5972,-80.9969,-91.0014,-16.0006,-15.9903
-55.0014,-14.9997,15.9981,83.9981,75.9981,5.99833,-1.01111,52.9964,7.33972,-30.5972,-80.9969,-91.0014,-16.0006,-15.9903
-55.0003,-15,16.7489,83.9989,75.9981,5.99833,-1.01111,52.9964,7.33972,-30.5972,-80.9969,-91.0014,-16.0006,-15.9903
-55.0003,-15,16.7489,83.9989,75.9986,5.96056,-0.683889,52.9964,7.33972,-30.5972,-80.9969,-91.0014,-16.0006,-15.9903
-55.0003,-15,16.7489,83.9989,75.9986,5.96056,-0.683889,52.9975,6.99722,-30.0011,-80.9986,-90.9022,-16.0006,-15.9903
-55.0003,-15,16.7489,83.9989,75.9986,5.96056,-0.683889,52.9975,6.99722,-30.0011,-80.9986,-90.9022,-16.0006,-15.9903
-55.0003,-15,16.7489,83.9989,75.9986,5.96056,-0.683889,52.9975,6.99722,-30.0011,-80.9986,-90.9022,-16.0006,-15.9903
-53.46,-14.8811,18.4692,83.9989,75.9986,5.96056,-0.683889,52.9975,6.99722,-30.0011,-80.9986,-90.9022,-16.0006,-15.9903
-53.46,-14.8811,18.4692,84.0136,75.9997,4.99722,0.005,52.9986,6.99778,-29.9986,-80.9986,-90.9022,-16.0006,-15.9903
-53.46,-14.8811,18.4692,84.0136,75.9997,4.99722,0.005,52.9986,6.99778,-29.9986,-80.9986,-90.02,-15.0286,-15.9903
-53.46,-14.8811,18.4692,84.0136,75.9997,4.99722,0.005,52.9986,6.99778,-29.9986,-80.9986,-90.02,-15.0286,-15.9894
-53.46,-14.8811,18.4692,84.0136,75.9997,4.99722,0.005,52.9986,6.99778,-29.9986,-80.9986,-90.02,-15.0286,-15.9894
-51.0794,-14.1192,20.5308,84.9944,75.9997,4.99722,0.005,52.9986,6.99778,-29.9986,-80.9986,-90.02,-15.0286,-15.9894
-51.0794,-14.1192,20.5308,84.9944,76.9961,5.64583,-0.00861111,52.9986,6.99722,-29.9978,-80.9986,-90.02,-15.0286,-15.9894
-51.0794,-14.1192,20.5308,84.9944,76.9961,5.64583,-0.00861111,52.9986,6.99722,-29.9978,-80.995,-90.955,-15.9058,-15.9875
-51.0794,-14.1192,20.5308,84.9944,76.9961,5.64583,-0.00861111,52.9986,6.99722,-29.9978,-80.995,-90.955,-15.9058,-15.9875
-48.9167,-14.1192,20.5308,84.9944,76.9961,5.64583,-0.00861111,52.9986,6.99722,-29.9978,-80.995,-90.955,-15.9058,-15.9875
-48.9167,-14.0017,23.2911,84.1494,77.9944,5.99917,-0.720278,52.9972,6.99722,-29.9978,-80.995,-90.955,-15.9058,-15.9875
-48.9167,-14.0017,23.2911,84.1494,77.9944,5.99917,-0.720278,52.9972,6.99694,-29.9978,-80.9908,-90.955,-15.9058,-15.9875
-48.9167,-14.0017,23.2911,84.1494,77.9944,5.99917,-0.720278,52.9972,6.99694,-29.9978,-80.9908,-89.8797,-15.2903,-16.435
-48.9167,-14.0017,23.2911,84.1494,77.9944,5.99917,-0.720278,52.9972,6.99694,-29.9978,-80.9908,-89.8797,-15.2903,-16.435
-48.9167,-14.0017,23.2911,84.1494,77.9944,5.99917,-0.720278,52.9972,6.99694,-29.9978,-80.9908,-89.8797,-15.2903,-16.435
-48.0072,-14.3686,23.9819,84.0597,78.1006,5.99972,-0.813611,52.9972,6.99694,-29.9978,-80.9908,-89.8797,-15.2903,-16.435
-48.0072,-14.3686,23.9819,84.0597,78.1006,5.99972,-0.813611,53.05,6.99694,-30.0483,-81.0089,-89.0008,-15.0053,-16.9936
-48.0072,-14.3686,23.9819,84.0597,78.1006,5.99972,-0.813611,53.05,6.99694,-30.0483,-81.0089,-89.0008,-15.0053,-16.9936
-48.0072,-14.3686,23.9819,84.0597,78.1006,5.99972,-0.813611,53.05,6.99694,-30.0483,-81.0089,-89.0008,-15.0053,-16.9936
-48.0017,-14.9881,23.9689,84.9067,78.1006,5.99972,-0.813611,53.05,6.99694,-30.0483,-81.0089,-89.0008,-15.0053,-16.9936
-48.0017,-14.9881,23.9689,84.9067,78.9447,6,-0.0127778,53.9328,6.99694,-30.0483,-81.0089,-89.0008,-15.0053,-16.9936
-48.0017,-14.9881,23.9689,84.9067,78.9447,6,-0.0127778,53.9328,6.99778,-30.9611,-80.9933,-88.9983,-14.7083,-17.0119
-48.0017,-14.9881,23.9689,84.9067,78.9447,6,-0.0127778,53.9328,6.99778,-30.9611,-80.9933,-88.9983,-14.7083,-17.0119
-48.0017,-14.9881,23.9689,84.9067,78.9447,6,-0.0127778,53.9328,6.99778,-30.9611,-80.9933,-88.9983,-14.7083,-17.0119
-47.9997,-14.9967,23.1483,84.8603,78.9967,6,-0.0127778,53.9328,6.99778,-30.9611,-80.9933,-88.9983,-14.7083,-17.0119
-47.9997,-14.9967,23.1483,84.8603,78.9967,6.00417,-0.794444,54,6.99778,-31.0003,-80.9908,-88.9983,-14.7083,-17.0119
-47.9997,-14.9967,23.1483,84.8603,78.9967,6.00417,-0.794444,54,6.99778,-31.0003,-80.9908,-88.9986,-14.0183,-17.0022
-47.9997,-14.9967,23.1483,84.8603,78.9967,6.00417,-0.794444,54,6.99778,-31.0003,-80.9908,-88.9986,-14.0183,-17.0022
-47.9997,-15.0017,23.1483,84.8603,78.9967,6.00417,-0.794444,54,6.99778,-31.0003,-80.9908,-88.9986,-14.0183,-17.0022
-47.9997,-15.0017,23.0083,84.0197,78.9972,6.00417,-0.794444,54,6.99778,-31.0003,-80.9908,-88.9986,-14.0183,-17.0022
-47.9997,-15.0017,23.0083,84.0197,78.9972,6.00056,-0.991111,54,6.99778,-31.0003,-80.9917,-88.9986,-14.0183,-17.0022
-47.9997,-15.0017,23.0083,84.0197,78.9972,6.00056,-0.991111,54,6.99778,-31.0003,-80.9917,-88.9986,-14.7814,-16.9892
-47.9997,-15.0017,23.0083,84.0197,78.9972,6.00056,-0.991111,54,6.99778,-31.0003,-80.9917,-88.9986,-14.7814,-16.9892
-47.9997,-15.0017,23.0083,84.0197,78.9972,6.00056,-0.991111,54,6.99778,-31.0003,-80.9917,-88.9986,-14.7814,-16.9892
-47.9997,-15.0017,23.0031,84.0067,78.9986,6.00056,-0.999722,54,6.99778,-31.0003,-80.9917,-88.9986,-14.7814,-16.9892
-47.9997,-15.0017,23.0031,84.0067,78.9986,6.00056,-0.999722,54,6.99778,-31.0003,-80.995,-88.9986,-14.7814,-16.9892
-47.9997,-15.0017,23.0031,84.0067,78.9986,6.00056,-0.999722,54,6.99778,-31.0003,-80.995,-88.9986,-14.9953,-16.9969
-47.9997,-15.0017,23.0031,84.0067,78.9986,6.00056,-0.999722,54,6.99778,-31.0003,-80.995,-88.9986,-14.9953,-16.9969
-47.9997,-15.0017,23.0031,84.0067,78.9986,6.00056,-0.999722,54,6.99778,-31.0003,-80.995,-88.9986,-14.9953,-16.9969
-47.9997,-15.0017,22.9994,84.0014,78.9994,5.99972,-1.00833,54,6.99778,-31.0003,-80.995,-88.9986,-14.9953,-16.9969
-47.9997,-15.0017,22.9994,84.0014,78.9994,5.99972,-1.00833,54,6.99778,-31.0003,-80.9986,-88.9986,-14.9972,-17.0022
-47.9997,-15.0017,22.9994,84.0014,78.9994,5.99972,-1.00833,54,6.99778,-31.0003,-80.9986,-88.9986,-14.9972,-17.0022
-47.9997,-15.0017,22.9994,84.0014,78.9994,5.99972,-1.00833,54,6.99778,-31.0003,-80.9986,-88.9986,-14.9972,-17.0022
-47.9997,-15.0014,22.9994,83.9997,78.9997,5.99972,-1.00833,54,6.99778,-31.0003,-80.9986,-88.9986,-14.9972,-17.0022
-47.9997,-15.0014,22.9994,83.9997,78.9997,6.00056,-1.00583,54,6.99778,-31.0003,-80.9986,-88.9986,-14.9972,-17.0022
-47.9997,-15.0014,22.9994,83.9997,78.9997,6.00056,-1.00583,54,6.99778,-31.0003,-80.9994,-88.9986,-14.9911,-16.99
-47.9997,-15.0014,22.9994,83.9997,78.9997,6.00056,-1.00583,54,6.99778,-31.0003,-80.9994,-88.9986,-14.9911,-16.99
-47.9997,-15.0014,22.9994,83.9997,78.9997,6.00056,-1.00583,54,6.99778,-31.0003,-80.9994,-88.9986,-14.9911,-16.99
-47.9997,-15.0014,22.9986,83.9989,78.9997,6.00056,-1.00583,54,6.99778,-31.0003,-80.9994,-88.9986,-14.9911,-16.99
-47.9997,-15.0014,22.9986,83.9989,78.9997,5.99889,-1.00222,54,7.00028,-31.0003,-81.0039,-88.9986,-14.9911,-16.99
-47.9997,-15.0014,22.9986,83.9989,78.9997,5.99889,-1.00222,54,7.00028,-31.0003,-81.0039,-88.9986,-13.2325,-16.9969
-47.9997,-15.0014,22.9986,83.9989,78.9997,5.99889,-1.00222,54,7.00028,-31.0003,-81.0039,-88.9986,-13.2325,-16.9969
-47.9997,-15.0014,22.9986,83.9989,78.9997,5.99889,-1.00222,54,7.00028,-31.0003,-81.0039,-88.9986,-13.2325,-16.9969
-47.9997,-15.0011,22.9994,83.9956,78.9997,5.99889,-1.00222,54,7.00028,-31.0003,-81.0039,-88.9986,-13.2325,-16.9969
-47.9997,-15.0011,22.9994,83.9956,78.9997,5.99833,-0.994444,54,7.00056,-31.0003,-81.0039,-88.9986,-13.2325,-16.9969
-47.9997,-15.0011,22.9994,83.9956,78.9997,5.99833,-0.994444,54,7.00056,-31.0003,-81.0039,-88.9986,-13.7419,-16.9911
-47.9997,-15.0011,22.9994,83.9956,78.9997,5.99833,-0.994444,54,7.00056,-31.0003,-81.0039,-88.9986,-13.7419,-16.9911
-47.9997,-15.0008,22.9994,83.9956,78.9997,5.99833,-0.994444,54,7.00056,-31.0003,-81.0039,-88.9986,-13.7419,-16.9911
-47.9997,-15.0008,22.9994,83.9936,79.0008,5.99917,-0.699444,53.3219,7.00056,-31.0003,-81.0039,-88.9986,-13.7419,-16.9911
-47.9997,-15.0008,22.9994,83.9936,79.0008,5.99917,-0.699444,53.3219,7.00056,-30.6131,-81.0031,-88.9986,-13.7419,-16.9911
-47.9997,-15.0008,22.9994,83.9936,79.0008,5.99917,-0.699444,53.3219,7.00056,-30.6131,-81.0031,-88.9992,-14.9219,-16.9953
-47.9997,-15.0008,22.9994,83.9936,79.0008,5.99917,-0.699444,53.3219,7.00056,-30.6131,-81.0031,-88.9992,-14.9219,-16.9953
-47.9997,-15.0008,22.9994,83.9936,79.0008,5.99917,-0.699444,53.3219,7.00056,-30.6131,-81.0031,-88.9992,-14.9219,-16.9953
-47.9997,-14.9994,23.9219,83.9944,79.0008,6,-0.0825,53.3219,7.00056,-30.6131,-81.0031,-88.9992,-14.9219,-16.9953
-47.9997,-14.9994,23.9219,83.9944,79.0008,6,-0.0825,52.9947,6.99944,-30.0039,-81.0031,-88.9992,-14.9986,-16.99
-47.9997,-14.9994,23.9219,83.9944,79.0008,6,-0.0825,52.9947,6.99944,-30.0039,-81.0031,-88.9992,-14.9986,-16.99
-47.9997,-14.9994,23.9219,83.9944,79.0008,6,-0.0825,52.9947,6.99944,-30.0039,-81.0031,-88.9992,-14.9986,-16.99
-48,-14.9983,24.9844,83.9944,79.0008,6,-0.0825,52.9947,6.99944,-30.0039,-81.0031,-88.9992,-14.9986,-16.99
-48,-14.9983,24.9844,83.9944,79.0008,5.99889,-1.00583,52.995,6.99944,-30.0039,-81.0031,-88.9992,-14.9986,-16.99
-48,-14.9983,24.9844,83.9944,79.0008,5.99889,-1.00583,52.995,6.99944,-30.0022,-81.0011,-88.9992,-14.9986,-16.99
-48,-14.9983,24.9844,83.9944,79.0008,5.99889,-1.00583,52.995,6.99944,-30.0022,-81.0011,-88.9992,-14.9986,-17.0083
-48,-14.9983,24.9844,83.9944,79.0008,5.99889,-1.00583,52.995,6.99944,-30.0022,-81.0011,-88.9992,-14.9986,-17.0083
-48,-14.9986,24.8758,83.9981,79.0008,5.99889,-1.00583,52.995,6.99944,-30.0022,-81.0011,-88.9992,-14.9986,-17.0083
-48,-14.9986,24.8758,83.9981,79.0008,6.00056,-0.9875,53.0281,7.00083,-30.0011,-81.0011,-88.9992,-14.9986,-17.0083
-48,-14.9986,24.8758,83.9981,79.0008,6.00056,-0.9875,53.0281,7.00083,-30.0011,-81.0011,-89,-14.9986,-17.0083
-48,-14.9986,24.8758,83.9981,79.0008,6.00056,-0.9875,53.0281,7.00083,-30.0011,-81.0011,-89,-14.9986,-16.985
-48,-14.9986,24.8758,83.9981,79.0008,6.00056,-0.9875,53.0281,7.00083,-30.0011,-81.0011,-89,-14.9986,-16.985
-47.9997,-14.9997,23.915,83.9981,79.0008,6.00056,-0.9875,53.0281,7.00083,-30.0011,-81.0011,-89,-14.9986,-16.985
-47.9997,-14.9997,23.915,84.0014,78.6731,6.00139,-0.991111,54.0047,7.00083,-30.9758,-80.9986,-89,-14.9986,-16.985
-47.9997,-14.9997,23.915,84.0014,78.6731,6.00139,-0.991111,54.0047,7.00083,-30.9758,-80.9986,-89,-14.9986,-16.9961
-47.9997,-14.9997,23.915,84.0014,78.6731,6.00139,-0.991111,54.0047,7.00083,-30.9758,-80.9986,-89,-14.9986,-16.9961
-47.9997,-14.9997,23.915,84.0014,78.6731,6.00139,-0.991111,54.0047,7.00083,-30.9758,-80.9986,-89,-14.9986,-16.9961
-47.9997,-15,23.0161,84.0067,78.0131,5.99917,-1.00417,54.0044,7.00083,-30.9758,-80.9986,-89,-14.9986,-16.9961
-47.9997,-15,23.0161,84.0067,78.0131,5.99917,-1.00417,54.0044,7.00056,-30.9958,-80.9986,-89,-14.9986,-16.9961
-47.9997,-15,23.0161,84.0067,78.0131,5.99917,-1.00417,54.0044,7.00056,-30.9958,-80.9986,-89,-14.9986,-17.0092
-47.9997,-15,23.0161,84.0067,78.0131,5.99917,-1.00417,54.0044,7.00056,-30.9958,-80.9986,-89,-14.9986,-17.0092
-47.9997,-15,23.0161,84.0067,78.0131,5.99917,-1.00417,54.0044,7.00056,-30.9958,-80.9986,-89,-14.9986,-17.0092
-47.9997,-15,23.0014,84.0058,78.0047,6.00056,-0.999722,54.0036,7.00056,-30.9958,-80.9986,-89,-14.9986,-17.0092
-47.9997,-15,23.0014,84.0058,78.0047,6.00056,-0.999722,54.0036,7.00056,-30.9975,-80.9986,-89,-14.9986,-17.0092
-47.9997,-15,23.0014,84.0058,78.0047,6.00056,-0.999722,54.0036,7.00056,-30.9975,-80.9986,-89,-14.9986,-17.0022
-47.9997,-15,23.0014,84.0058,78.0047,6.00056,-0.999722,54.0036,7.00056,-30.9975,-80.9986,-89,-14.9986,-17.0022
-47.9997,-15,23.0006,84.0033,78.0014,6.00056,-0.999722,54.0036,7.00056,-30.9975,-80.9986,-89,-14.9986,-17.0022
-47.9997,-15,23.0006,84.0033,78.0014,6,-1.25028,54.0022,7.00056,-30.9975,-80.9986,-89,-14.9986,-17.0022
-47.9997,-15,23.0006,84.0033,78.0014,6,-1.25028,54.0022,7.00056,-30.9975,-80.9986,-88.9997,-14.9986,-16.9961
-47.9997,-15,23.0006,84.0033,78.0014,6,-1.25028,54.0022,7.00056,-30.9975,-80.9986,-88.9997,-14.9986,-16.9961
-47.9997,-15,23.0006,84.0033,78.0014,6,-1.25028,54.0022,7.00056,-30.9975,-80.9986,-88.9997,-14.9986,-16.9961
-47.9997,-15,23.0014,84.0006,78.0014,6,-1.25028,54.0022,7.00056,-30.9975,-80.9986,-88.9997,-14.9986,-16.9961
-47.9997,-15,23.0014,84.0006,78.0014,6.00111,-2.00222,54.0014,7.00028,-31.0003,-81.0031,-88.9992,-14.9986,-16.9961
-47.9997,-15,23.0014,84.0006,78.0014,6.00111,-2.00222,54.0014,7.00028,-31.0003,-81.0031,-88.9992,-15.0011,-17.0022
-47.9997,-15,23.0014,84.0006,78.0014,6.00111,-2.00222,54.0014,7.00028,-31.0003,-81.0031,-88.9992,-15.0011,-17.0022
-47.9994,-15,23.0014,84.0006,78.0014,6.00111,-2.00222,54.0014,7.00028,-31.0003,-81.0031,-88.9992,-15.0011,-17.0022
-47.9994,-14.9997,22.9953,84.6411,78.0756,6.00111,-2.00222,54.0014,7.00028,-31.0003,-81.0031,-88.9992,-15.0011,-17.0022
-47.9994,-14.9997,22.9953,84.6411,78.0756,6,-1.35306,53.68,7.31194,-30.6433,-81.0081,-88.9992,-15.0011,-17.0022
-47.9994,-14.9997,22.9953,84.6411,78.0756,6,-1.35306,53.68,7.31194,-30.6433,-81.0081,-89.3756,-15.0017,-16.9797
-47.9994,-14.9997,22.9953,84.6411,78.0756,6,-1.35306,53.68,7.31194,-30.6433,-81.0081,-89.3756,-15.0017,-16.9797
-47.9992,-14.4772,22.9953,84.6411,78.0756,6,-1.35306,53.68,7.31194,-30.6433,-81.0081,-89.3756,-15.0017,-16.9797
-47.9992,-14.4772,23.2764,84.9969,78.9864,5.99972,-0.0277778,52.9911,7.31194,-30.6433,-81.0081,-89.3756,-15.0017,-16.9797
-47.9992,-14.4772,23.2764,84.9969,78.9864,5.99972,-0.0277778,52.9911,7.99778,-28.0119,-81.0081,-89.3756,-15.0017,-16.9797
-47.9992,-14.4772,23.2764,84.9969,78.9864,5.99972,-0.0277778,52.9911,7.99778,-28.0119,-80.995,-89.9833,-14.9717,-17.0042
-47.9992,-14.4772,23.2764,84.9969,78.9864,5.99972,-0.0277778,52.9911,7.99778,-28.0119,-80.995,-89.9833,-14.9717,-17.0042
-47.1628,-14.4772,23.2764,84.9969,78.9864,5.99972,-0.0277778,52.9911,7.99778,-28.0119,-80.995,-89.9833,-14.9717,-17.0042
-47.1628,-12.7639,23.875,84.9978,78.9939,4.9725,-0.839722,53.0039,7.99778,-28.0119,-80.995,-89.9833,-14.9717,-17.0042
-47.1628,-12.7639,23.875,84.9978,78.9939,4.9725,-0.839722,53.0039,6.36417,-26.0167,-80.9986,-88.1339,-14.0053,-17.0042
-47.1628,-12.7639,23.875,84.9978,78.9939,4.9725,-0.839722,53.0039,6.36417,-26.0167,-80.9986,-88.1339,-14.0053,-16.375
-47.1628,-12.7639,23.875,84.9978,78.9939,4.9725,-0.839722,53.0039,6.36417,-26.0167,-80.9986,-88.1339,-14.0053,-16.375
-47.6633,-9.94028,20.9667,83.4697,78.245,4.9725,-0.839722,53.0039,6.36417,-26.0167,-80.9986,-88.1339,-14.0053,-16.375
-47.6633,-9.94028,20.9667,83.4697,78.245,3.99833,-1.00056,52.1769,6.36417,-26.0167,-80.9986,-88.1339,-14.0053,-16.375
-47.6633,-9.94028,20.9667,83.4697,78.245,3.99833,-1.00056,52.1769,4.09833,-22.3694,-79.7297,-87.0556,-13.1108,-16.7394
-47.6633,-9.94028,20.9667,83.4697,78.245,3.99833,-1.00056,52.1769,4.09833,-22.3694,-79.7297,-87.0556,-13.1108,-16.7394
-47.6633,-9.94028,20.9667,83.4697,78.245,3.99833,-1.00056,52.1769,4.09833,-22.3694,-79.7297,-87.0556,-13.1108,-16.7394
-47.9917,-6.50972,16.4303,83.4697,78.245,3.99833,-1.00056,52.1769,4.09833,-22.3694,-79.7297,-87.0556,-13.1108,-16.7394
-47.9917,-6.50972,16.4303,82.8286,77.1819,3.99778,-0.989167,51.9344,2.63944,-20.8753,-79.0033,-87.0556,-13.1108,-16.7394
-47.9917,-6.50972,16.4303,82.8286,77.1819,3.99778,-0.989167,51.9344,2.63944,-20.8753,-79.0033,-86.9964,-13.6464,-17.9664
-47.9917,-6.50972,16.4303,82.8286,77.1819,3.99778,-0.989167,51.9344,2.63944,-20.8753,-79.0033,-86.9964,-13.6464,-17.9664
-46.9361,-2.61861,16.4303,82.8286,77.1819,3.99778,-0.989167,51.9344,2.63944,-20.8753,-79.0033,-86.9964,-13.6464,-17.9664
-46.9361,-2.61861,11.2222,81.9939,77.5369,3.99778,-0.989167,51.9344,2.63944,-20.8753,-79.0033,-86.9964,-13.6464,-17.9664
-46.9361,-2.61861,11.2222,81.9939,77.5369,3.99861,-0.991111,50.6489,0.6575,-19.3472,-78.6203,-86.9978,-13.6464,-17.9664
-46.9361,-2.61861,11.2222,81.9939,77.5369,3.99861,-0.991111,50.6489,0.6575,-19.3472,-78.6203,-86.9978,-13.9944,-17.1067
-46.9361,-2.61861,11.2222,81.9939,77.5369,3.99861,-0.991111,50.6489,0.6575,-19.3472,-78.6203,-86.9978,-13.9944,-17.1067
-43.9653,-2.61861,11.2222,81.9939,77.5369,3.99861,-0.991111,50.6489,0.6575,-19.3472,-78.6203,-86.9978,-13.9944,-17.1067
-43.9653,0.926944,6.81111,81.82,77.9931,3.99917,-1.01028,46.2372,0.6575,-19.3472,-78.6203,-86.9978,-13.9944,-17.1067
-43.9653,0.926944,6.81111,81.82,77.9931,3.99917,-1.01028,46.2372,-1.7,-16.7533,-77.1636,-86.9978,-13.9944,-17.1067
-43.9653,0.926944,6.81111,81.82,77.9931,3.99917,-1.01028,46.2372,-1.7,-16.7533,-77.1636,-87.6539,-13.9969,-16.9919
-43.9653,0.926944,6.81111,81.82,77.9931,3.99917,-1.01028,46.2372,-1.7,-16.7533,-77.1636,-87.6539,-13.9969,-16.9919
-39.6711,0.926944,6.81111,81.82,77.9931,3.99917,-1.01028,46.2372,-1.7,-16.7533,-77.1636,-87.6539,-13.9969,-16.9919
-39.6711,5.44889,1.37861,80.1639,77.9222,3.99917,-1.15972,41.14,-1.7,-16.7533,-77.1636,-87.6539,-13.9969,-16.9919
-39.6711,5.44889,1.37861,80.1639,77.9222,3.99917,-1.15972,41.14,-4.65333,-13.625,-76.1011,-88.8247,-13.9989,-17.0067
-39.6711,5.44889,1.37861,80.1639,77.9222,3.99917,-1.15972,41.14,-4.65333,-13.625,-76.1011,-88.8247,-13.9989,-17.0067
-39.6711,5.44889,1.37861,80.1639,77.9222,3.99917,-1.15972,41.14,-4.65333,-13.625,-76.1011,-88.8247,-13.9989,-17.0067
-34.4517,9.665,-3.95556,79.6539,78.8572,3.99917,-1.15972,41.14,-4.65333,-13.625,-76.1011,-88.8247,-13.9989,-17.0067
-34.4517,9.665,-3.95556,79.6539,78.8572,4,-1.69056,37.2161,-4.65333,-13.625,-76.1011,-88.8247,-13.9989,-17.0067
-34.4517,9.665,-3.95556,79.6539,78.8572,4,-1.69056,37.2161,-6.28917,-10.1292,-73.0642,-89.0989,-13.5122,-16.8883
-34.4517,9.665,-3.95556,79.6539,78.8572,4,-1.69056,37.2161,-6.28917,-10.1292,-73.0642,-89.0989,-13.5122,-16.8883
-34.4517,9.665,-3.95556,79.6539,78.8572,4,-1.69056,37.2161,-6.28917,-10.1292,-73.0642,-89.0989,-13.5122,-16.8883
-29.8469,14.2317,-9.45361,78.8969,79.9942,4,-1.69056,37.2161,-6.28917,-10.1292,-73.0642,-89.0989,-13.5122,-16.8883
-29.8469,14.2317,-9.45361,78.8969,79.9942,4.41111,-1.69667,31.8983,-9.7475,-5.10111,-69.2517,-89.0989,-13.5122,-16.8883
-29.8469,14.2317,-9.45361,78.8969,79.9942,4.41111,-1.69667,31.8983,-9.7475,-5.10111,-69.2517,-90.3283,-13.7203,-14.5919
-29.8469,14.2317,-9.45361,78.8969,79.9942,4.41111,-1.69667,31.8983,-9.7475,-5.10111,-69.2517,-90.3283,-13.7203,-14.5919
-25.5331,14.2317,-9.45361,78.8969,79.9942,4.41111,-1.69667,31.8983,-9.7475,-5.10111,-69.2517,-90.3283,-13.7203,-14.5919
-25.5331,17.2508,-15.5572,76.5856,80.92,4.41111,-1.69667,31.8983,-9.7475,-5.10111,-69.2517,-90.3283,-13.7203,-14.5919
-25.5331,17.2508,-15.5572,76.5856,80.92,4.76306,-1.99778,26.6203,-11.5956,-2.19028,-64.7511,-90.3283,-13.7203,-14.5919
-25.5331,17.2508,-15.5572,76.5856,80.92,4.76306,-1.99778,26.6203,-11.5956,-2.19028,-64.7511,-93.6625,-14.99,-11.5183
-25.5331,17.2508,-15.5572,76.5856,80.92,4.76306,-1.99778,26.6203,-11.5956,-2.19028,-64.7511,-93.6625,-14.99,-11.5183
-20.4344,18.9281,-15.5572,76.5856,80.92,4.76306,-1.99778,26.6203,-11.5956,-2.19028,-64.7511,-93.6625,-14.99,-11.5183
-20.4344,18.9281,-20.1206,74.1664,82.3289,4.68611,-2.00667,21.9814,-12.0008,-2.19028,-64.7511,-93.6625,-14.99,-11.5183
-20.4344,18.9281,-20.1206,74.1664,82.3289,4.68611,-2.00667,21.9814,-12.0008,2.7025,-58.7039,-93.6625,-14.99,-11.5183
-20.4344,18.9281,-20.1206,74.1664,82.3289,4.68611,-2.00667,21.9814,-12.0008,2.7025,-58.7039,-97.9119,-14.9978,-8.91278
-20.4344,18.9281,-20.1206,74.1664,82.3289,4.68611,-2.00667,21.9814,-12.0008,2.7025,-58.7039,-97.9119,-14.9978,-8.91278
-16.9761,18.9281,-20.1206,74.1664,82.3289,4.68611,-2.00667,21.9814,-12.0008,2.7025,-58.7039,-97.9119,-14.9978,-8.91278
-16.9761,18.2656,-21.9731,71.4281,85.4994,4.04444,-2.69917,18.6256,-12.0008,2.7025,-58.7039,-97.9119,-14.9978,-8.91278
-16.9761,18.2656,-21.9731,71.4281,85.4994,4.04444,-2.69917,18.6256,-11.9958,7.42,-52.59,-101.818,-14.9992,-8.00083
-16.9761,18.2656,-21.9731,71.4281,85.4994,4.04444,-2.69917,18.6256,-11.9958,7.42,-52.59,-101.818,-14.9992,-8.00083
-16.9761,18.2656,-21.9731,71.4281,85.4994,4.04444,-2.69917,18.6256,-11.9958,7.42,-52.59,-101.818,-14.9992,-8.00083
-13.3733,17.2525,-20.6931,66.9378,87.9408,4.04444,-2.69917,18.6256,-11.9958,7.42,-52.59,-101.818,-14.9992,-8.00083
-13.3733,17.2525,-20.6931,66.9378,87.9408,3.00583,-2.99944,15.0192,-11.9958,7.42,-52.59,-101.818,-14.9992,-8.00083
-13.3733,17.2525,-20.6931,66.9378,87.9408,3.00583,-2.99944,15.0192,-10.7669,8.99139,-44.5467,-102.991,-14.9264,-7.83389
-13.3733,17.2525,-20.6931,66.9378,87.9408,3.00583,-2.99944,15.0192,-10.7669,8.99139,-44.5467,-102.991,-14.9264,-7.83389
-13.3733,17.2525,-20.6931,66.9378,87.9408,3.00583,-2.99944,15.0192,-10.7669,8.99139,-44.5467,-102.991,-14.9264,-7.83389
-9.9225,16.2731,-19.6864,61.6111,89.8264,4.37417,-2.99944,15.0192,-10.7669,8.99139,-44.5467,-102.991,-14.9264,-7.83389
-9.9225,16.2731,-19.6864,61.6111,89.8264,4.37417,-2.99417,12.8675,-9.99389,8.64861,-36.7364,-101.011,-14.9264,-7.83389
-9.9225,16.2731,-19.6864,61.6111,89.8264,4.37417,-2.99417,12.8675,-9.99389,8.64861,-36.7364,-101.011,-13.3744,-5.13806
-9.9225,16.2731,-19.6864,61.6111,89.8264,4.37417,-2.99417,12.8675,-9.99389,8.64861,-36.7364,-101.011,-13.3744,-5.13806
-7.42194,14.2736,-16.5769,61.6111,89.8264,4.37417,-2.99417,12.8675,-9.99389,8.64861,-36.7364,-101.011,-13.3744,-5.13806
-7.42194,14.2736,-16.5769,53.1606,89.8264,4.37417,-2.99417,12.8675,-9.99389,8.64861,-36.7364,-101.011,-13.3744,-5.13806
-7.42194,14.2736,-16.5769,53.1606,90.9572,4.99972,-2.04472,11.0964,-9.52333,9.8,-29.8803,-101.011,-13.3744,-5.13806
-7.42194,14.2736,-16.5769,53.1606,90.9572,4.99972,-2.04472,11.0964,-9.52333,9.8,-29.8803,-99.1469,-10.0011,-2.31944
-7.42194,14.2736,-16.5769,53.1606,90.9572,4.99972,-2.04472,11.0964,-9.52333,9.8,-29.8803,-99.1469,-10.0011,-2.31944
-7.42194,14.2736,-16.5769,53.1606,90.9572,4.99972,-2.04472,11.0964,-9.52333,9.8,-29.8803,-99.1469,-10.0011,-2.31944
-7.00306,12.2814,-12.5272,46.4167,89.8736,4.99972,-2.00556,10.1525,-9.52333,9.8,-29.8803,-99.1469,-10.0011,-2.31944
-7.00306,12.2814,-12.5272,46.4167,89.8736,4.99972,-2.00556,10.1525,-7.90611,8.77639,-23.9636,-94.9106,-10.0011,-2.31944
-7.00306,12.2814,-12.5272,46.4167,89.8736,4.99972,-2.00556,10.1525,-7.90611,8.77639,-23.9636,-94.9106,-7.91917,-1.01583
-7.00306,12.2814,-12.5272,46.4167,89.8736,4.99972,-2.00556,10.1525,-7.90611,8.77639,-23.9636,-94.9106,-7.91917,-1.01583
-6.18111,10.2828,-9.10972,46.4167,89.8736,4.99972,-2.00556,10.1525,-7.90611,8.77639,-23.9636,-94.9106,-7.91917,-1.01583
-6.18111,10.2828,-9.10972,46.4167,89.0064,4.99944,-1.99167,8.82194,-6.99083,8.77639,-23.9636,-94.9106,-7.91917,-1.01583
-6.18111,10.2828,-9.10972,46.4167,89.0064,4.99944,-1.99167,8.82194,-6.99083,5.22694,-17.9167,-90.6278,-6.01722,-1.00972
-6.18111,10.2828,-9.10972,46.4167,89.0064,4.99944,-1.99167,8.82194,-6.99083,5.22694,-17.9167,-90.6278,-6.01722,-1.00972
-6.18111,10.2828,-9.10972,46.4167,89.0064,4.99944,-1.99167,8.82194,-6.99083,5.22694,-17.9167,-90.6278,-6.01722,-1.00972
-4.40278,9.5375,-4.64389,30.6572,87.8236,4.25583,-1.99167,8.82194,-6.99083,5.22694,-17.9167,-90.6278,-6.01722,-1.00972
-4.40278,9.5375,-4.64389,30.6572,87.8236,4.25583,-1.85083,7.42917,-6.99083,5.22694,-17.9167,-90.6278,-6.01722,-1.00972
-4.40278,9.5375,-4.64389,30.6572,87.8236,4.25583,-1.85083,7.42917,-4.29389,0.0475,-13.3106,-86.1689,-6.90583,-0.865278
-4.40278,9.5375,-4.64389,30.6572,87.8236,4.25583,-1.85083,7.42917,-4.29389,0.0475,-13.3106,-86.1689,-6.90583,-0.865278
-4.40278,9.5375,-4.64389,30.6572,87.8236,4.25583,-1.85083,7.42917,-4.29389,0.0475,-13.3106,-86.1689,-6.90583,-0.865278
-2.81444,7.82889,1.48028,23.6119,86.015,4.25583,-1.85083,7.42917,-4.29389,0.0475,-13.3106,-86.1689,-6.90583,-0.865278
-2.81444,7.82889,1.48028,23.6119,86.015,3.01833,-2.00556,5.64861,-2.78833,-5.48833,-10.7347,-82.1603,-6.90583,-0.865278
-2.81444,7.82889,1.48028,23.6119,86.015,3.01833,-2.00556,5.64861,-2.78833,-5.48833,-10.7347,-82.1603,-6.41139,-0.337778
-2.81444,7.82889,1.48028,23.6119,86.015,3.01833,-2.00556,5.64861,-2.78833,-5.48833,-10.7347,-82.1603,-6.41139,-0.337778
-1.025,5.9825,1.48028,23.6119,86.015,3.01833,-2.00556,5.64861,-2.78833,-5.48833,-10.7347,-82.1603,-6.41139,-0.337778
-1.025,5.9825,7.50472,18.3203,86.015,3.01833,-2.00556,5.64861,-2.78833,-5.48833,-10.7347,-82.1603,-6.41139,-0.337778
-1.025,5.9825,7.50472,18.3203,85.2008,2.72472,-1.99861,3.18361,-1.83528,-15.7778,-10.7347,-82.1603,-6.41139,-0.337778
-1.025,5.9825,7.50472,18.3203,85.2008,2.72472,-1.99861,3.18361,-1.83528,-15.7778,-8.68194,-79.9603,-6.00556,-1.01139
-1.025,5.9825,7.50472,18.3203,85.2008,2.72472,-1.99861,3.18361,-1.83528,-15.7778,-8.68194,-79.9603,-6.00556,-1.01139
-0.131111,3.35083,7.50472,18.3203,85.2008,2.72472,-1.99861,3.18361,-1.83528,-15.7778,-8.68194,-79.9603,-6.00556,-1.01139
-0.131111,3.35083,15.4672,15.0456,81.7858,1.99667,-2.2425,1.40472,-1.83528,-15.7778,-8.68194,-79.9603,-6.00556,-1.01139
-0.131111,3.35083,15.4672,15.0456,81.7858,1.99667,-2.2425,1.40472,-0.240278,-22.3208,-7.10083,-78.5536,-6.00556,-1.01139
-0.131111,3.35083,15.4672,15.0456,81.7858,1.99667,-2.2425,1.40472,-0.240278,-22.3208,-7.10083,-78.5536,-5.925,-0.993889
-0.131111,3.35083,15.4672,15.0456,81.7858,1.99667,-2.2425,1.40472,-0.240278,-22.3208,-7.10083,-78.5536,-5.925,-0.993889
0.521667,0.740278,15.4672,15.0456,81.7858,1.99667,-2.2425,1.40472,-0.240278,-22.3208,-7.10083,-78.5536,-5.925,-0.993889
0.521667,0.740278,22.4167,14.0058,78.5361,1.17278,-3.00028,0.0761111,-0.240278,-22.3208,-7.10083,-78.5536,-5.925,-0.993889
0.521667,0.740278,22.4167,14.0058,78.5361,1.17278,-3.00028,0.0761111,0.0025,-29.7672,-6.99889,-77.9986,-5.0325,-1.01139
0.521667,0.740278,22.4167,14.0058,78.5361,1.17278,-3.00028,0.0761111,0.0025,-29.7672,-6.99889,-77.9986,-5.0325,-1.01139
0.521667,0.740278,22.4167,14.0058,78.5361,1.17278,-3.00028,0.0761111,0.0025,-29.7672,-6.99889,-77.9986,-5.0325,-1.01139
1.00111,0.00333333,29.3661,13.8047,75.2781,1.17278,-3.00028,0.0761111,0.0025,-29.7672,-6.99889,-77.9986,-5.0325,-1.01139
1.00111,0.00333333,29.3661,13.8047,75.2781,0.997778,-3.00722,0.0761111,0.0025,-29.7672,-6.99889,-77.9986,-5.0325,-1.01139
1.00111,0.00333333,29.3661,13.8047,75.2781,0.997778,-3.00722,-0.00305556,0.00194444,-36.1561,-6.05472,-77.9003,-5.93361,-1.0175
1.00111,0.00333333,29.3661,13.8047,75.2781,0.997778,-3.00722,-0.00305556,0.00194444,-36.1561,-6.05472,-77.9003,-5.93361,-1.0175
1.00111,0.00333333,29.3661,13.8047,75.2781,0.997778,-3.00722,-0.00305556,0.00194444,-36.1561,-6.05472,-77.9003,-5.93361,-1.0175
1.00111,0.00194444,35.2686,13.0347,75.2781,0.997778,-3.00722,-0.00305556,0.00194444,-36.1561,-6.05472,-77.9003,-5.93361,-1.0175
1.00111,0.00194444,35.2686,13.0347,72.3489,0.997778,-2.99167,0.284722,0.00138889,-39.0236,-5.99833,-77.1608,-5.93361,-1.0175
1.00111,0.00194444,35.2686,13.0347,72.3489,0.997778,-2.99167,0.284722,0.00138889,-39.0236,-5.99833,-77.1608,-5.99278,-0.237778
1.00111,0.00194444,35.2686,13.0347,72.3489,0.997778,-2.99167,0.284722,0.00138889,-39.0236,-5.99833,-77.1608,-5.99278,-0.237778
0.329444,0.00111111,39.8197,13.0347,72.3489,0.997778,-2.99167,0.284722,0.00138889,-39.0236,-5.99833,-77.1608,-5.99278,-0.237778
0.329444,0.00111111,39.8197,13.5628,72.3489,0.997778,-2.99167,0.284722,0.00138889,-39.0236,-5.99833,-77.1608,-5.99278,-0.237778
0.329444,0.00111111,39.8197,13.5628,69.9181,0.998611,-2.33194,1.91583,0.00138889,-39.8658,-5.99833,-77.9903,-5.99278,-0.237778
0.329444,0.00111111,39.8197,13.5628,69.9181,0.998611,-2.33194,1.91583,0.00138889,-39.8658,-5.99833,-77.9903,-5.99778,-0.00111111
0.329444,0.00111111,39.8197,13.5628,69.9181,0.998611,-2.33194,1.91583,0.00138889,-39.8658,-5.99833,-77.9903,-5.99778,-0.00111111
0.00333333,0,39.8197,13.5628,69.9181,0.998611,-2.33194,1.91583,0.00138889,-39.8658,-5.99833,-77.9903,-5.99778,-0.00111111
0.00333333,0,42.8472,13.005,69.0003,1.17444,-1.99611,2.00278,0.00138889,-39.8658,-5.99833,-77.9903,-5.99778,-0.00111111
0.00333333,0,42.8472,13.005,69.0003,1.17444,-1.99611,2.00278,0.000833333,-39.0025,-5.26722,-77.9981,-5.99778,-0.00111111
0.00333333,0,42.8472,13.005,69.0003,1.17444,-1.99611,2.00278,0.000833333,-39.0025,-5.26722,-77.9981,-5.99861,-0.580556
0.00333333,0,42.8472,13.005,69.0003,1.17444,-1.99611,2.00278,0.000833333,-39.0025,-5.26722,-77.9981,-5.99861,-0.580556
0.00222222,0,43.9856,13.005,69.0003,1.17444,-1.99611,2.00278,0.000833333,-39.0025,-5.26722,-77.9981,-5.99861,-0.580556
0.00222222,0,43.9856,12.9997,69.0264,1.83139,-1.99444,1.25861,0.000277778,-39.0025,-5.26722,-77.9981,-5.99861,-0.580556
0.00222222,0,43.9856,12.9997,69.0264,1.83139,-1.99444,1.25861,0.000277778,-39.9556,-5.545,-77.9994,-6.37111,-0.821667
0.00222222,0,43.9856,12.9997,69.0264,1.83139,-1.99444,1.25861,0.000277778,-39.9556,-5.545,-77.9994,-6.37111,-0.821667
0.00222222,0,43.9856,12.9997,69.0264,1.83139,-1.99444,1.25861,0.000277778,-39.9556,-5.545,-77.9994,-6.37111,-0.821667
0.000833333,-0.000277778,43.9986,12.9997,69.83,1.0025,-1.99444,1.25861,0.000277778,-39.9556,-5.545,-77.9994,-6.37111,-0.821667
0.000833333,-0.000277778,43.9986,12.9997,69.83,1.0025,-1.99444,0.678056,0.000277778,-39.9556,-5.545,-77.9994,-6.37111,-0.821667
0.000833333,-0.000277778,43.9986,12.9997,69.83,1.0025,-1.99444,0.678056,0.000277778,-41.2278,-6,-77.9997,-6.81833,-0.0333333
0.000833333,-0.000277778,43.9986,12.9997,69.83,1.0025,-1.99444,0.678056,0.000277778,-41.2278,-6,-77.9997,-6.81833,-0.0333333
0.000833333,-0.000277778,43.9986,12.9997,69.83,1.0025,-1.99444,0.678056,0.000277778,-41.2278,-6,-77.9997,-6.81833,-0.0333333
0.000277778,-0.000277778,43.9986,12.9997,69.83,1.0025,-1.99444,0.678056,0.000277778,-41.2278,-6,-77.9997,-6.81833,-0.0333333
0.000277778,-0.000277778,43.9986,12.9997,69.0061,0.999444,-2.00389,0.00222222,0.000277778,-41.9761,-6,-78.6181,-6.81833,-0.0333333
0.000277778,-0.000277778,43.9986,12.9997,69.0061,0.999444,-2.00389,0.00222222,0.000277778,-41.9761,-6,-78.6181,-6.01333,-0.966111
0.000277778,-0.000277778,43.9986,12.9997,69.0061,0.999444,-2.00389,0.00222222,0.000277778,-41.9761,-6,-78.6181,-6.01333,-0.966111
0.000277778,0,43.9986,12.9997,69.0061,0.999444,-2.00389,0.00222222,0.000277778,-41.9761,-6,-78.6181,-6.01333,-0.966111
0.000277778,0,43.9819,12.9997,69.0019,0.999444,-2.00389,0.00222222,0.000277778,-41.9761,-6,-78.6181,-6.01333,-0.966111
0.000277778,0,43.9819,12.9997,69.0019,0.999444,-2.0075,-0.00527778,0.000277778,-41.0381,-6,-78.6181,-6.01333,-0.966111
0.000277778,0,43.9819,12.9997,69.0019,0.999444,-2.0075,-0.00527778,0.000277778,-41.0381,-6,-79.0006,-6.34361,-0.98
0.000277778,0,43.9819,12.9997,69.0019,0.999444,-2.0075,-0.00527778,0.000277778,-41.0381,-6,-79.0006,-6.34361,-0.98
0.296944,0,43.9819,12.9997,69.0019,0.999444,-2.0075,-0.00527778,0.000277778,-41.0381,-6,-79.0006,-6.34361,-0.98
0.296944,0,44.565,13.9022,69.0008,0.956944,-1.99167,-0.00444444,0.000277778,-41.0381,-6,-79.0006,-6.34361,-0.98
0.296944,0,44.565,13.9022,69.0008,0.956944,-1.99167,-0.00444444,0.000277778,-41.0025,-6,-79.0006,-6.34361,-0.98
0.296944,0,44.565,13.9022,69.0008,0.956944,-1.99167,-0.00444444,0.000277778,-41.0025,-6,-79.0006,-6.01028,-1.01056
0.296944,0,44.565,13.9022,69.0008,0.956944,-1.99167,-0.00444444,0.000277778,-41.0025,-6,-79.0006,-6.01028,-1.01056
0.995833,0,44.565,13.9022,69.0008,0.956944,-1.99167,-0.00444444,0.000277778,-41.0025,-6,-79.0006,-6.01028,-1.01056
0.995833,0,44.9975,13.9989,69.0003,0.105833,-1.99167,-0.000833333,0.000277778,-41.0025,-6,-79.0006,-6.01028,-1.01056
0.995833,0,44.9975,13.9989,69.0003,0.105833,-1.99167,-0.000833333,0.000277778,-41.0006,-6,-79.0006,-6.00417,-1.00361
0.995833,0,44.9975,13.9989,69.0003,0.105833,-1.99167,-0.000833333,0.000277778,-41.0006,-6,-79.0006,-6.00417,-1.00361
0.995833,0,44.9975,13.9989,69.0003,0.105833,-1.99167,-0.000833333,0.000277778,-41.0006,-6,-79.0006,-6.00417,-1.00361
0.998056,0,44.9992,14.0006,68.9994,0.105833,-1.99167,-0.000833333,0.000277778,-41.0006,-6,-79.0006,-6.00417,-1.00361
0.998056,0,44.9992,14.0006,68.9994,-0.00222222,-2.0075,-0.000277778,0.000277778,-41.0006,-6,-79.0006,-6.00417,-1.00361
0.998056,0,44.9992,14.0006,68.9994,-0.00222222,-2.0075,-0.000277778,0.000277778,-40.9997,-6,-79.0006,-6.00194,-1.01667
0.998056,0,44.9992,14.0006,68.9994,-0.00222222,-2.0075,-0.000277778,0.000277778,-40.9997,-6,-79.0006,-6.00194,-1.01667
0.998056,0,44.9992,14.0006,68.9994,-0.00222222,-2.0075,-0.000277778,0.000277778,-40.9997,-6,-79.0006,-6.00194,-1.01667
0.998889,0,44.9992,14.0006,68.9994,-0.00222222,-2.0075,-0.000277778,0.000277778,-40.9997,-6,-79.0006,-6.00194,-1.01667
0.998889,0,44.9992,14.0006,68.9994,-0.000555556,-2.00472,-0.000277778,0.000277778,-40.9997,-6,-79.0006,-6.00194,-1.01667
0.998889,0,44.9992,14.0006,68.9994,-0.000555556,-2.00472,-0.000277778,0.000277778,-40.9997,-5.99917,-79.0006,-6.00194,-1.01139
0.998889,0,44.9992,14.0006,68.9994,-0.000555556,-2.00472,-0.000277778,0.000277778,-40.9997,-5.99917,-79.0006,-6.00194,-1.01139
0.999167,0,44.9992,14.0006,68.9994,-0.000555556,-2.00472,-0.000277778,0.000277778,-40.9997,-5.99917,-79.0006,-6.00194,-1.01139
0.999167,0,44.9992,14.0006,68.9994,-0.000555556,-2.00472,-0.000277778,0.000277778,-40.9997,-5.99917,-79.0006,-6.00194,-1.01139
0.999167,0,44.9992,14.0006,68.9994,0.000555556,-2.0075,-0.000277778,0.000277778,-40.9997,-5.99917,-79.0006,-6.00194,-1.01139
0.999167,0,44.9992,14.0006,68.9994,0.000555556,-2.0075,-0.000277778,0.000277778,-40.9997,-5.99917,-79,-5.99972,-1.01583
0.999167,0,44.9992,14.0006,68.9994,0.000555556,-2.0075,-0.000277778,0.000277778,-40.9997,-5.99917,-79,-5.99972,-1.01583
0.999444,0,44.9992,14.0006,68.9994,0.000555556,-2.0075,-0.000277778,0.000277778,-40.9997,-5.99917,-79,-5.99972,-1.01583
0.999444,0,44.9992,14.0006,68.9994,-0.000833333,-2.00472,0.000277778,0.000277778,-40.9997,-5.99917,-79,-5.99972,-1.01583
0.999444,0,44.9992,14.0006,68.9994,-0.000833333,-2.00472,0.000277778,0.000277778,-40.9989,-5.99917,-79,-5.99972,-1.01583
0.999444,0,44.9992,14.0006,68.9994,-0.000833333,-2.00472,0.000277778,0.000277778,-40.9989,-5.99917,-79,-5.99972,-1.0175
0.999444,0,44.9992,14.0006,68.9994,-0.000833333,-2.00472,0.000277778,0.000277778,-40.9989,-5.99917,-79,-5.99972,-1.0175
0.999722,0,44.9992,14.0006,68.9994,-0.000833333,-2.00472,0.000277778,0.000277778,-40.9989,-5.99917,-79,-5.99972,-1.0175
0.999722,0,44.9992,13.9997,68.9992,0.000555556,-1.99444,0.000277778,0.000277778,-40.9989,-5.99917,-79,-5.99972,-1.0175
0.999722,0,44.9992,13.9997,68.9992,0.000555556,-1.99444,0.000277778,0.000277778,-40.9989,-5.99917,-79,-5.99972,-1.00972
0.999722,0,44.9992,13.9997,68.9992,0.000555556,-1.99444,0.000277778,0.000277778,-40.9989,-5.99917,-79,-5.99972,-1.00972
0.999722,0,44.9992,13.9997,68.9992,0.000555556,-1.99444,0.000277778,0.000277778,-40.9989,-5.99917,-79,-5.99972,-1.00972
1,0,44.9992,13.9997,68.9992,0,-1.99444,0.000277778,0.000277778,-40.9989,-5.99917,-79,-5.99972,-1.00972
1,0,44.9992,13.9997,68.9992,0,-2.0075,0.000277778,0.000277778,-40.9989,-5.99917,-79,-5.99972,-1.00972
1,0,44.9992,13.9997,68.9992,0,-2.0075,0.000277778,0.000277778,-40.9989,-5.99917,-79,-5.99972,-0.981944
1,0,44.9992,13.9997,68.9992,0,-2.0075,0.000277778,0.000277778,-40.9989,-5.99917,-79,-5.99972,-0.981944
